,area_fips,year,lq_annual_avg_estabs,lq_annual_avg_emplvl,lq_total_annual_wages,annual_avg_estabs,annual_avg_emplvl,total_annual_wages
0,C1018,2006,0.59,0.0,0.0,1,0,0
1,C1042,2001,0.0,0.0,0.0,0,0,0
2,C1042,2002,0.0,0.0,0.0,0,0,0
3,C1042,2003,0.0,0.0,0.0,0,0,0
4,C1042,2004,0.9,0.0,0.0,6,0,0
5,C1042,2005,1.0,0.0,0.0,7,0,0
6,C1042,2006,1.15,0.0,0.0,9,0,0
7,C1050,2001,0.0,0.0,0.0,0,0,0
8,C1050,2002,0.0,0.0,0.0,0,0,0
9,C1050,2003,0.0,0.0,0.0,0,0,0
10,C1050,2004,0.73,0.0,0.0,1,0,0
11,C1050,2005,0.7,0.0,0.0,1,0,0
12,C1050,2006,0.62,0.0,0.0,1,0,0
13,C1058,2001,0.0,0.0,0.0,0,0,0
14,C1058,2002,0.0,0.0,0.0,0,0,0
15,C1058,2003,0.88,0.82,0.76,7,80,4951771
16,C1058,2004,1.01,0.0,0.0,8,0,0
17,C1058,2005,1.07,0.76,0.66,9,77,4801913
18,C1058,2006,0.84,0.39,0.29,8,43,2376613
19,C1074,2001,0.0,0.0,0.0,0,0,0
20,C1074,2002,0.0,0.0,0.0,0,0,0
21,C1074,2003,0.0,0.0,0.0,0,0,0
22,C1074,2004,0.56,0.0,0.0,4,0,0
23,C1074,2005,0.27,0.0,0.0,2,0,0
24,C1074,2006,0.35,0.0,0.0,3,0,0
25,C1078,2001,0.0,0.0,0.0,0,0,0
26,C1078,2002,0.0,0.0,0.0,0,0,0
27,C1078,2003,0.0,0.0,0.0,0,0,0
28,C1090,1999,0.87,0.31,0.21,3,19,808311
29,C1090,2000,0.72,0.36,0.23,5,41,1797660
30,C1090,2001,0.0,0.0,0.0,0,0,0
31,C1090,2002,0.0,0.0,0.0,0,0,0
32,C1090,2003,0.0,0.0,0.0,0,0,0
33,C1090,2004,1.01,0.0,0.0,7,0,0
34,C1090,2005,0.68,0.0,0.0,5,0,0
35,C1090,2006,0.48,0.26,0.19,4,22,1200093
36,C1102,2001,0.0,0.0,0.0,0,0,0
37,C1102,2002,0.0,0.0,0.0,0,0,0
38,C1102,2003,0.0,0.0,0.0,0,0,0
39,C1102,2004,0.82,0.0,0.0,1,0,0
40,C1102,2005,0.77,0.0,0.0,1,0,0
41,C1102,2006,0.69,0.0,0.0,1,0,0
42,C1110,2004,0.0,0.0,0.0,0,0,0
43,C1110,2005,0.44,0.0,0.0,1,0,0
44,C1110,2006,0.77,0.0,0.0,2,0,0
45,C1118,2001,0.0,0.0,0.0,0,0,0
46,C1118,2002,0.0,0.0,0.0,0,0,0
47,C1118,2003,0.0,0.0,0.0,0,0,0
48,C1126,2001,0.73,0.32,0.17,3,16,611084
49,C1126,2002,0.0,0.0,0.0,0,0,0
50,C1126,2003,0.86,0.42,0.17,3,15,428953
51,C1126,2004,0.58,0.0,0.0,2,0,0
52,C1126,2005,0.81,0.29,0.18,3,11,513342
53,C1126,2006,0.71,0.29,0.19,3,12,627141
54,C1130,2001,0.0,0.0,0.0,0,0,0
55,C1130,2002,0.0,0.0,0.0,0,0,0
56,C1130,2003,0.0,0.0,0.0,0,0,0
57,C1130,2004,1.08,0.0,0.0,1,0,0
58,C1130,2005,1.06,0.0,0.0,1,0,0
59,C1130,2006,0.96,0.0,0.0,1,0,0
60,C1134,2001,0.0,0.0,0.0,0,0,0
61,C1146,2001,0.99,0.18,0.07,4,12,375225
62,C1146,2002,1.39,0.19,0.09,5,10,365062
63,C1146,2003,2.26,0.49,0.44,7,22,1544321
64,C1146,2004,1.98,0.0,0.0,6,0,0
65,C1146,2005,1.58,0.6,0.58,5,28,2246924
66,C1146,2006,1.7,0.7,0.64,6,35,2767135
67,C1150,2003,0.0,0.0,0.0,0,0,0
68,C1150,2004,1.05,0.0,0.0,1,0,0
69,C1150,2005,1.0,0.0,0.0,1,0,0
70,C1150,2006,0.9,0.0,0.0,1,0,0
71,C1154,2006,0.4,0.0,0.0,1,0,0
72,C1170,2001,0.0,0.0,0.0,0,0,0
73,C1170,2002,0.0,0.0,0.0,0,0,0
74,C1170,2003,0.0,0.0,0.0,0,0,0
75,C1170,2004,0.73,0.0,0.0,3,0,0
76,C1170,2005,0.68,0.0,0.0,3,0,0
77,C1170,2006,0.78,0.23,0.08,4,10,207923
78,C1202,2001,0.0,0.0,0.0,0,0,0
79,C1202,2002,0.0,0.0,0.0,0,0,0
80,C1202,2003,0.0,0.0,0.0,0,0,0
81,C1202,2004,1.21,0.0,0.0,2,0,0
82,C1202,2005,2.26,0.0,0.0,4,0,0
83,C1202,2006,1.5,0.0,0.0,3,0,0
84,C1206,1990,1.04,0.55,0.38,9,128,2517227
85,C1206,1991,1.45,0.62,0.44,12,130,2819165
86,C1206,1992,1.54,0.87,0.61,12,153,3414152
87,C1206,1993,1.6,0.96,0.74,12,164,4202429
88,C1206,1994,1.22,0.6,0.5,9,110,3083328
89,C1206,1995,1.13,0.37,0.33,9,74,2389565
90,C1206,1996,0.94,0.29,0.28,9,72,2666521
91,C1206,1997,1.05,0.53,0.69,12,149,8483068
92,C1206,1998,1.1,0.71,0.55,15,201,10319895
93,C1206,1999,1.05,0.71,0.74,25,306,23419231
94,C1206,2000,0.91,1.02,0.95,43,819,61291554
95,C1206,2001,0.0,0.0,0.0,0,0,0
96,C1206,2002,1.34,1.57,1.63,73,892,71232034
97,C1206,2003,1.41,1.11,1.14,71,552,42166527
98,C1206,2004,1.35,1.13,1.11,67,559,42936254
99,C1206,2005,1.19,1.2,1.21,63,644,52591330
100,C1206,2006,0.98,0.99,1.07,59,589,53206772
101,C1210,2001,0.0,0.0,0.0,0,0,0
102,C1210,2002,0.0,0.0,0.0,0,0,0
103,C1210,2003,1.23,0.51,0.49,3,17,1009016
104,C1210,2004,1.24,0.0,0.0,3,0,0
105,C1210,2005,1.55,0.0,0.0,4,0,0
106,C1210,2006,1.36,0.0,0.0,4,0,0
107,C1226,2001,0.0,0.0,0.0,0,0,0
108,C1226,2002,0.0,0.0,0.0,0,0,0
109,C1226,2003,0.0,0.0,0.0,0,0,0
110,C1226,2004,0.51,0.0,0.0,2,0,0
111,C1226,2005,0.47,0.0,0.0,2,0,0
112,C1226,2006,0.21,0.0,0.0,1,0,0
113,C1242,1992,1.69,0.17,0.1,3,8,132656
114,C1242,1996,3.35,0.66,0.41,8,47,1030762
115,C1242,1997,2.75,0.26,0.28,8,21,929471
116,C1242,1998,2.89,0.41,0.23,10,34,1287377
117,C1242,1999,2.72,0.77,0.47,16,99,4642439
118,C1242,2000,2.13,1.3,0.99,26,320,20375454
119,C1242,2001,0.0,0.0,0.0,0,0,0
120,C1242,2002,0.0,0.0,0.0,0,0,0
121,C1242,2003,2.16,1.35,1.15,27,201,12417950
122,C1242,2004,2.13,1.36,1.39,27,202,15800356
123,C1242,2005,1.97,0.84,1.15,27,139,14990927
124,C1242,2006,1.88,0.87,1.12,30,162,17311039
125,C1254,2001,0.0,0.0,0.0,0,0,0
126,C1254,2002,0.0,0.0,0.0,0,0,0
127,C1254,2003,0.0,0.0,0.0,0,0,0
128,C1258,2001,0.0,0.0,0.0,0,0,0
129,C1258,2002,0.44,0.03,0.03,12,11,631942
130,C1258,2003,0.48,0.06,0.03,12,17,529153
131,C1258,2004,0.56,0.12,0.06,14,32,1296375
132,C1258,2005,0.79,0.0,0.0,21,0,0
133,C1258,2006,0.79,0.29,0.2,24,92,5230174
134,C1262,2006,0.0,0.0,0.0,0,0,0
135,C1270,1999,2.42,1.09,0.37,4,19,373594
136,C1270,2000,1.78,0.86,0.43,6,28,846615
137,C1270,2001,1.73,0.89,0.36,7,27,676550
138,C1270,2002,1.88,0.83,0.38,7,20,551986
139,C1270,2003,2.03,0.79,0.45,7,17,565859
140,C1270,2004,2.05,0.71,0.43,7,15,573277
141,C1270,2005,2.21,0.94,0.49,8,21,694828
142,C1270,2006,1.77,0.92,0.49,7,22,781524
143,C1294,2001,0.68,0.74,0.27,6,83,1801015
144,C1294,2002,0.63,0.65,0.28,5,56,1443513
145,C1294,2003,0.0,0.0,0.0,0,0,0
146,C1294,2004,0.44,0.4,0.17,3,30,758911
147,C1294,2005,0.54,0.0,0.0,4,0,0
148,C1294,2006,0.58,0.26,0.13,5,24,820236
149,C1298,2002,0.0,0.0,0.0,0,0,0
150,C1298,2003,0.0,0.0,0.0,0,0,0
151,C1298,2004,0.97,0.0,0.0,1,0,0
152,C1298,2005,0.93,0.0,0.0,1,0,0
153,C1314,2003,0.0,0.0,0.0,0,0,0
154,C1314,2004,0.34,0.0,0.0,1,0,0
155,C1314,2005,0.33,0.0,0.0,1,0,0
156,C1338,2001,0.0,0.0,0.0,0,0,0
157,C1338,2002,0.0,0.0,0.0,0,0,0
158,C1338,2003,0.0,0.0,0.0,0,0,0
159,C1338,2004,0.85,0.0,0.0,2,0,0
160,C1338,2005,0.8,0.0,0.0,2,0,0
161,C1338,2006,1.04,0.0,0.0,3,0,0
162,C1346,2001,0.0,0.0,0.0,0,0,0
163,C1346,2002,0.0,0.0,0.0,0,0,0
164,C1346,2003,0.0,0.0,0.0,0,0,0
165,C1346,2004,0.48,0.0,0.0,1,0,0
166,C1346,2005,0.85,0.0,0.0,2,0,0
167,C1346,2006,1.05,0.23,0.75,3,4,798374
168,C1374,2001,0.0,0.0,0.0,0,0,0
169,C1374,2002,0.0,0.0,0.0,0,0,0
170,C1374,2003,0.0,0.0,0.0,0,0,0
171,C1374,2004,0.45,0.0,0.0,1,0,0
172,C1378,2001,0.0,0.0,0.0,0,0,0
173,C1378,2004,0.51,0.0,0.0,1,0,0
174,C1378,2005,0.49,0.0,0.0,1,0,0
175,C1378,2006,0.44,0.0,0.0,1,0,0
176,C1382,2001,0.0,0.0,0.0,0,0,0
177,C1382,2002,0.0,0.0,0.0,0,0,0
178,C1382,2003,0.0,0.0,0.0,0,0,0
179,C1382,2004,0.2,0.0,0.0,2,0,0
180,C1382,2005,0.28,0.0,0.0,3,0,0
181,C1382,2006,0.5,0.0,0.0,6,0,0
182,C1390,2001,0.0,0.0,0.0,0,0,0
183,C1390,2002,0.0,0.0,0.0,0,0,0
184,C1390,2003,0.0,0.0,0.0,0,0,0
185,C1390,2004,2.28,0.0,0.0,3,0,0
186,C1390,2005,1.43,0.0,0.0,2,0,0
187,C1390,2006,1.87,0.0,0.0,3,0,0
188,C1398,2001,0.0,0.0,0.0,0,0,0
189,C1398,2002,0.0,0.0,0.0,0,0,0
190,C1402,2001,1.69,5.12,4.06,3,121,5171002
191,C1402,2002,0.0,0.0,0.0,0,0,0
192,C1402,2003,0.0,0.0,0.0,0,0,0
193,C1402,2005,0.67,0.0,0.0,1,0,0
194,C1402,2006,0.6,0.0,0.0,1,0,0
195,C1426,2001,0.0,0.0,0.0,0,0,0
196,C1426,2002,0.0,0.0,0.0,0,0,0
197,C1426,2003,0.0,0.0,0.0,0,0,0
198,C1426,2004,0.91,0.0,0.0,6,0,0
199,C1426,2005,0.82,0.0,0.0,6,0,0
200,C1426,2006,0.81,0.0,0.0,7,0,0
201,C1446,1990,1.75,1.19,1.02,22,389,10833841
202,C1446,1991,1.69,1.34,1.09,19,380,10556182
203,C1446,1992,2.17,1.22,1.17,21,278,9459399
204,C1446,1993,2.67,1.36,1.24,24,289,9996945
205,C1446,1994,2.62,1.46,1.35,23,324,11424553
206,C1446,1995,3.08,1.66,1.43,29,396,13987547
207,C1446,1996,4.04,1.93,1.58,45,558,20265485
208,C1446,1997,3.87,2.55,2.06,50,828,33606046
209,C1446,1998,4.35,3.23,2.01,67,1034,48563743
210,C1446,1999,4.41,3.62,2.59,114,1727,105849337
211,C1446,2000,3.88,4.18,2.99,203,3736,261221222
212,C1446,2001,0.0,0.0,0.0,0,0,0
213,C1446,2002,3.47,4.66,3.86,198,2893,218434425
214,C1446,2003,0.0,0.0,0.0,0,0,0
215,C1446,2004,3.65,0.0,0.0,189,0,0
216,C1446,2005,3.16,0.0,0.0,173,0,0
217,C1446,2006,2.84,0.0,0.0,168,0,0
218,C1450,2001,2.7,1.03,1.3,16,64,7073145
219,C1450,2002,3.0,1.34,1.24,15,55,4244751
220,C1450,2003,0.0,0.0,0.0,0,0,0
221,C1450,2004,4.59,0.0,0.0,20,0,0
222,C1450,2005,5.09,1.76,1.32,24,65,4360548
223,C1450,2006,5.2,0.0,0.0,28,0,0
224,C1454,2006,0.73,0.0,0.0,1,0,0
225,C1474,2001,0.0,0.0,0.0,0,0,0
226,C1474,2002,1.83,0.45,0.76,5,9,967211
227,C1474,2003,2.44,0.5,0.82,6,9,903167
228,C1474,2004,2.22,0.33,0.68,5,6,798168
229,C1474,2005,2.92,0.0,0.0,7,0,0
230,C1474,2006,3.65,2.42,2.24,10,53,3357865
231,C1486,1990,1.87,5.6,6.07,6,349,14956578
232,C1486,1991,2.7,6.9,7.02,8,373,15908478
233,C1486,1992,2.98,9.56,9.76,8,414,18761891
234,C1486,1993,3.63,11.67,12.64,9,471,23538956
235,C1486,1994,4.21,7.3,6.81,10,302,13179626
236,C1486,1995,4.44,5.62,4.91,11,247,11114459
237,C1486,1996,3.81,6.28,5.49,11,332,16294952
238,C1486,1997,3.62,5.9,4.48,12,351,17530126
239,C1486,1998,3.12,6.27,4.55,12,368,26644331
240,C1486,1999,3.12,5.59,3.74,20,482,35978611
241,C1486,2000,2.72,4.71,2.72,35,747,53818348
242,C1486,2001,2.12,5.36,3.21,32,759,56955708
243,C1486,2002,2.15,5.26,3.34,29,576,41764600
244,C1486,2003,1.9,4.44,2.79,23,423,29674749
245,C1486,2004,1.97,4.44,3.66,23,412,41477157
246,C1486,2005,1.95,3.51,2.32,24,347,29685190
247,C1486,2006,1.58,3.17,2.01,22,343,29615271
248,C1518,2005,0.0,0.0,0.0,0,0,0
249,C1518,2006,0.37,0.0,0.0,1,0,0
250,C1526,2001,0.0,0.0,0.0,0,0,0
251,C1526,2002,0.0,0.0,0.0,0,0,0
252,C1526,2005,0.82,0.0,0.0,1,0,0
253,C1526,2006,0.71,0.0,0.0,1,0,0
254,C1538,1997,1.01,0.08,0.05,3,6,130493
255,C1538,1998,0.89,0.07,0.03,3,5,107009
256,C1538,2000,0.63,0.13,0.03,7,25,423088
257,C1538,2001,0.0,0.0,0.0,0,0,0
258,C1538,2002,0.42,0.14,0.07,5,20,618483
259,C1538,2003,0.38,0.16,0.09,4,19,648533
260,C1538,2004,0.49,0.15,0.09,5,18,676794
261,C1538,2005,0.37,0.07,0.03,4,9,222318
262,C1538,2006,0.42,0.1,0.03,5,13,300876
263,C1550,2005,9.31,0.0,0.0,12,0,0
264,C1550,2006,2.07,0.0,0.0,3,0,0
265,C1554,2001,0.0,0.0,0.0,0,0,0
266,C1554,2002,0.0,0.0,0.0,0,0,0
267,C1554,2003,0.0,0.0,0.0,0,0,0
268,C1554,2004,0.38,0.0,0.0,1,0,0
269,C1554,2005,1.09,0.15,0.1,3,4,181509
270,C1554,2006,1.29,0.35,0.24,4,10,505737
271,C1594,2004,0.28,0.0,0.0,1,0,0
272,C1594,2005,0.27,0.0,0.0,1,0,0
273,C1598,2001,0.67,1.11,0.97,4,64,3286556
274,C1598,2002,1.05,1.7,1.47,6,79,3899445
275,C1598,2003,0.0,0.0,0.0,0,0,0
276,C1598,2004,0.7,0.94,0.86,4,42,2373627
277,C1598,2005,0.3,0.0,0.0,2,0,0
278,C1598,2006,0.38,0.0,0.0,3,0,0
279,C1618,2006,0.95,0.0,0.0,1,0,0
280,C1630,2001,0.0,0.0,0.0,0,0,0
281,C1630,2002,0.0,0.0,0.0,0,0,0
282,C1630,2003,0.0,0.0,0.0,0,0,0
283,C1630,2004,0.37,0.0,0.0,1,0,0
284,C1630,2005,0.36,0.0,0.0,1,0,0
285,C1630,2006,0.63,0.0,0.0,2,0,0
286,C1658,2001,0.0,0.0,0.0,0,0,0
287,C1658,2002,0.0,0.0,0.0,0,0,0
288,C1658,2003,0.0,0.0,0.0,0,0,0
289,C1658,2004,1.16,0.0,0.0,2,0,0
290,C1658,2005,0.54,0.0,0.0,1,0,0
291,C1658,2006,0.48,0.0,0.0,1,0,0
292,C1670,2001,0.0,0.0,0.0,0,0,0
293,C1670,2002,0.0,0.0,0.0,0,0,0
294,C1670,2003,0.0,0.0,0.0,0,0,0
295,C1670,2004,0.69,0.0,0.0,4,0,0
296,C1670,2005,0.93,0.33,0.17,6,21,682095
297,C1670,2006,0.76,0.0,0.0,6,0,0
298,C1674,2000,0.59,0.11,0.12,10,31,2418755
299,C1674,2001,0.0,0.0,0.0,0,0,0
300,C1674,2002,1.05,0.46,0.21,20,91,3074217
301,C1674,2003,0.74,0.49,0.34,12,84,4137182
302,C1674,2004,0.75,0.0,0.0,12,0,0
303,C1674,2005,0.53,1.01,0.54,9,189,8020696
304,C1674,2006,0.65,0.79,0.9,13,166,15597914
305,C1682,1999,3.87,1.51,1.39,4,26,1376304
306,C1682,2000,3.32,3.88,2.94,7,125,5923784
307,C1682,2001,0.0,0.0,0.0,0,0,0
308,C1682,2002,4.27,5.15,3.04,10,119,4342804
309,C1682,2003,3.75,7.08,4.46,8,143,5510038
310,C1682,2004,2.82,1.83,1.55,6,37,2037927
311,C1682,2005,1.73,0.0,0.0,4,0,0
312,C1682,2006,0.78,0.0,0.0,2,0,0
313,C1686,2001,0.0,0.0,0.0,0,0,0
314,C1686,2002,0.0,0.0,0.0,0,0,0
315,C1686,2003,0.0,0.0,0.0,0,0,0
316,C1686,2004,0.5,0.0,0.0,2,0,0
317,C1686,2005,0.24,0.0,0.0,1,0,0
318,C1686,2006,0.21,0.0,0.0,1,0,0
319,C1694,2001,0.0,0.0,0.0,0,0,0
320,C1694,2002,0.0,0.0,0.0,0,0,0
321,C1694,2003,0.0,0.0,0.0,0,0,0
322,C1694,2006,1.51,0.0,0.0,2,0,0
323,C1698,2001,0.0,0.0,0.0,0,0,0
324,C1698,2002,0.0,0.0,0.0,0,0,0
325,C1698,2003,0.0,0.0,0.0,0,0,0
326,C1698,2004,0.72,0.0,0.0,61,0,0
327,C1698,2005,0.81,0.0,0.0,74,0,0
328,C1698,2006,0.88,1.34,1.07,92,1504,106376590
329,C1702,2003,0.0,0.0,0.0,0,0,0
330,C1702,2004,0.37,0.0,0.0,1,0,0
331,C1714,1992,0.8,0.89,1.13,3,85,3102288
332,C1714,1997,0.61,0.04,0.08,3,5,409730
333,C1714,1998,1.04,0.1,0.1,6,14,804157
334,C1714,1999,1.34,0.18,0.16,13,36,2136821
335,C1714,2000,0.82,0.24,0.2,16,89,5271576
336,C1714,2001,0.0,0.0,0.0,0,0,0
337,C1714,2002,0.0,0.0,0.0,0,0,0
338,C1714,2003,0.84,0.43,0.33,16,98,4991577
339,C1714,2004,0.76,0.24,0.16,14,53,2634253
340,C1714,2005,0.83,0.26,0.15,16,63,2695135
341,C1714,2006,0.69,0.25,0.18,15,64,3480666
342,C1730,2004,0.66,0.0,0.0,1,0,0
343,C1742,2003,0.0,0.0,0.0,0,0,0
344,C1742,2004,0.0,0.0,0.0,0,0,0
345,C1746,2001,0.0,0.0,0.0,0,0,0
346,C1746,2002,0.65,0.64,0.37,16,177,6999318
347,C1746,2003,0.0,0.0,0.0,0,0,0
348,C1746,2004,0.93,0.76,0.43,20,180,7307009
349,C1746,2005,0.76,0.59,0.37,17,149,6804764
350,C1746,2006,0.68,0.56,0.38,17,153,7726506
351,C1766,2001,0.0,0.0,0.0,0,0,0
352,C1766,2002,0.0,0.0,0.0,0,0,0
353,C1766,2003,0.0,0.0,0.0,0,0,0
354,C1766,2005,0.54,0.0,0.0,1,0,0
355,C1766,2006,0.46,0.0,0.0,1,0,0
356,C1778,2001,1.61,0.11,0.03,3,3,42839
357,C1778,2002,0.0,0.0,0.0,0,0,0
358,C1778,2003,0.0,0.0,0.0,0,0,0
359,C1778,2004,0.65,0.0,0.0,1,0,0
360,C1778,2005,0.61,0.0,0.0,1,0,0
361,C1778,2006,0.53,0.0,0.0,1,0,0
362,C1782,2001,0.0,0.0,0.0,0,0,0
363,C1782,2002,0.0,0.0,0.0,0,0,0
364,C1782,2003,0.81,0.25,0.16,5,14,551942
365,C1782,2004,1.29,0.0,0.0,8,0,0
366,C1782,2005,2.38,0.0,0.0,16,0,0
367,C1782,2006,2.69,0.0,0.0,21,0,0
368,C1786,2001,0.0,0.0,0.0,0,0,0
369,C1786,2002,0.0,0.0,0.0,0,0,0
370,C1786,2003,0.0,0.0,0.0,0,0,0
371,C1786,2004,1.79,0.89,0.99,3,16,991577
372,C1786,2005,1.12,0.0,0.0,2,0,0
373,C1786,2006,0.49,0.0,0.0,1,0,0
374,C1790,2001,0.0,0.0,0.0,0,0,0
375,C1790,2002,0.77,0.19,0.16,6,16,773491
376,C1790,2003,0.0,0.0,0.0,0,0,0
377,C1790,2004,0.32,0.0,0.0,2,0,0
378,C1790,2005,0.29,0.0,0.0,2,0,0
379,C1790,2006,0.61,0.0,0.0,5,0,0
380,C1798,2001,0.0,0.0,0.0,0,0,0
381,C1798,2002,0.0,0.0,0.0,0,0,0
382,C1798,2003,0.0,0.0,0.0,0,0,0
383,C1798,2004,0.44,0.0,0.0,1,0,0
384,C1798,2005,0.41,0.0,0.0,1,0,0
385,C1798,2006,0.37,0.0,0.0,1,0,0
386,C1814,2001,0.0,0.0,0.0,0,0,0
387,C1814,2002,0.0,0.0,0.0,0,0,0
388,C1814,2003,1.08,0.42,0.3,17,86,4139738
389,C1814,2004,0.98,0.41,0.29,15,82,4071404
390,C1814,2005,0.93,0.36,0.23,15,78,3513062
391,C1814,2006,0.83,0.32,0.22,15,74,3791993
392,C1858,2001,0.0,0.0,0.0,0,0,0
393,C1858,2002,0.0,0.0,0.0,0,0,0
394,C1858,2003,0.0,0.0,0.0,0,0,0
395,C1858,2004,0.56,0.0,0.0,2,0,0
396,C1858,2005,1.06,0.0,0.0,4,0,0
397,C1858,2006,0.72,0.0,0.0,3,0,0
398,C1870,2001,0.0,0.0,0.0,0,0,0
399,C1870,2002,0.0,0.0,0.0,0,0,0
400,C1870,2003,0.0,0.0,0.0,0,0,0
401,C1870,2004,2.54,0.0,0.0,2,0,0
402,C1870,2005,3.49,0.48,0.11,3,4,67764
403,C1870,2006,3.03,0.0,0.0,3,0,0
404,C1910,1990,1.3,4.61,5.1,12,1389,44708483
405,C1910,1991,1.06,3.94,4.52,10,1087,37928819
406,C1910,1992,1.04,5.15,6.26,9,1164,44764003
407,C1910,1993,0.95,5.08,6.39,8,1084,45496578
408,C1910,1994,1.23,4.33,4.61,10,972,35110101
409,C1910,1995,1.24,1.75,1.57,11,428,13971312
410,C1910,1996,0.95,0.59,0.45,10,179,5265826
411,C1910,1997,0.95,0.55,0.39,12,190,6081122
412,C1910,1998,1.14,0.58,0.3,17,205,7083886
413,C1910,1999,1.04,0.47,0.29,26,251,11558566
414,C1910,2000,1.16,0.81,0.55,59,813,45195212
415,C1910,2001,0.0,0.0,0.0,0,0,0
416,C1910,2002,0.0,0.0,0.0,0,0,0
417,C1910,2003,0.0,0.0,0.0,0,0,0
418,C1910,2004,1.32,0.75,0.65,66,449,30945154
419,C1910,2005,1.21,0.97,0.88,64,633,47132985
420,C1910,2006,1.1,0.92,0.81,66,665,50938278
421,C1934,2001,0.0,0.0,0.0,0,0,0
422,C1934,2002,0.0,0.0,0.0,0,0,0
423,C1934,2003,0.0,0.0,0.0,0,0,0
424,C1934,2004,0.83,0.0,0.0,3,0,0
425,C1934,2005,0.52,0.0,0.0,2,0,0
426,C1934,2006,1.16,0.0,0.0,5,0,0
427,C1938,2001,0.0,0.0,0.0,0,0,0
428,C1938,2002,0.0,0.0,0.0,0,0,0
429,C1938,2003,0.0,0.0,0.0,0,0,0
430,C1938,2004,0.71,0.0,0.0,5,0,0
431,C1938,2005,0.68,0.0,0.0,5,0,0
432,C1938,2006,0.49,0.0,0.0,4,0,0
433,C1946,2006,0.71,0.0,0.0,1,0,0
434,C1966,2001,1.01,0.52,0.65,5,25,1615093
435,C1966,2002,0.0,0.0,0.0,0,0,0
436,C1966,2003,1.16,1.82,1.09,5,63,1880470
437,C1966,2004,0.89,2.43,1.43,4,85,2665628
438,C1966,2005,1.19,0.95,0.58,6,37,1221407
439,C1966,2006,1.02,0.35,0.17,6,15,428398
440,C1974,1990,2.77,2.63,2.21,15,335,8312735
441,C1974,1991,2.75,2.44,2.37,14,289,8601452
442,C1974,1992,2.74,2.56,3.34,13,254,10411923
443,C1974,1993,2.21,2.67,3.2,10,252,10133794
444,C1974,1994,2.47,2.37,3.37,11,236,11344220
445,C1974,1995,2.5,2.53,3.52,12,274,13675566
446,C1974,1996,2.4,2.71,3.38,14,358,17413202
447,C1974,1997,2.32,2.91,3.78,16,439,25255556
448,C1974,1998,2.34,3.81,3.14,19,579,32028910
449,C1974,1999,1.86,3.37,2.56,26,775,44427637
450,C1974,2000,1.57,2.26,1.71,46,986,62596669
451,C1974,2001,0.0,0.0,0.0,0,0,0
452,C1974,2002,1.54,2.79,2.4,51,858,58253426
453,C1974,2003,1.65,3.21,2.89,50,848,58739193
454,C1974,2004,1.74,3.11,2.84,52,811,59973719
455,C1974,2005,2.14,3.11,2.76,69,876,65113872
456,C1974,2006,2.85,2.85,2.46,105,886,67108418
457,C1978,1998,3.05,2.61,1.41,6,103,3226045
458,C1978,1999,2.34,0.87,0.59,8,51,2191116
459,C1978,2000,1.88,1.22,0.84,13,131,6053831
460,C1978,2001,2.32,1.85,1.5,18,182,9933707
461,C1978,2002,2.48,1.51,1.2,17,115,6099121
462,C1978,2003,0.0,0.0,0.0,0,0,0
463,C1978,2004,1.75,0.0,0.0,11,0,0
464,C1978,2005,1.36,0.0,0.0,9,0,0
465,C1978,2006,1.07,0.87,0.87,8,70,5275251
466,C1982,2001,0.0,0.0,0.0,0,0,0
467,C1982,2002,0.0,0.0,0.0,0,0,0
468,C1982,2003,0.0,0.0,0.0,0,0,0
469,C1982,2004,0.57,0.0,0.0,22,0,0
470,C1982,2005,0.51,0.0,0.0,20,0,0
471,C1982,2006,0.39,0.25,0.16,17,123,6932616
472,C2002,2005,0.66,0.0,0.0,1,0,0
473,C2002,2006,0.6,0.0,0.0,1,0,0
474,C2010,2005,0.0,0.0,0.0,0,0,0
475,C2010,2006,0.65,0.0,0.0,1,0,0
476,C2022,2001,0.0,0.0,0.0,0,0,0
477,C2022,2003,0.0,0.0,0.0,0,0,0
478,C2022,2004,0.94,0.0,0.0,1,0,0
479,C2022,2005,0.89,0.0,0.0,1,0,0
480,C2022,2006,0.79,0.0,0.0,1,0,0
481,C2026,2001,0.0,0.0,0.0,0,0,0
482,C2050,2001,0.0,0.0,0.0,0,0,0
483,C2050,2002,0.0,0.0,0.0,0,0,0
484,C2050,2003,0.0,0.0,0.0,0,0,0
485,C2050,2004,0.95,0.0,0.0,4,0,0
486,C2050,2005,1.34,0.0,0.0,6,0,0
487,C2050,2006,1.75,0.0,0.0,9,0,0
488,C2106,2001,0.0,0.0,0.0,0,0,0
489,C2106,2002,0.0,0.0,0.0,0,0,0
490,C2106,2003,0.0,0.0,0.0,0,0,0
491,C2106,2004,1.1,0.0,0.0,1,0,0
492,C2106,2005,1.03,0.0,0.0,1,0,0
493,C2106,2006,0.89,0.0,0.0,1,0,0
494,C2114,2001,0.0,0.0,0.0,0,0,0
495,C2114,2002,0.0,0.0,0.0,0,0,0
496,C2114,2003,0.0,0.0,0.0,0,0,0
497,C2114,2004,0.56,0.0,0.0,1,0,0
498,C2114,2005,0.54,0.0,0.0,1,0,0
499,C2114,2006,0.49,0.0,0.0,1,0,0
500,C2130,2001,0.0,0.0,0.0,0,0,0
501,C2130,2002,0.0,0.0,0.0,0,0,0
502,C2134,2006,0.18,0.0,0.0,1,0,0
503,C2150,2001,0.0,0.0,0.0,0,0,0
504,C2150,2002,0.0,0.0,0.0,0,0,0
505,C2150,2003,0.0,0.0,0.0,0,0,0
506,C2150,2005,0.0,0.0,0.0,0,0,0
507,C2150,2006,0.33,0.0,0.0,1,0,0
508,C2166,2001,1.07,0.15,0.07,5,7,188716
509,C2166,2002,0.0,0.0,0.0,0,0,0
510,C2166,2003,1.81,0.38,0.34,7,12,571636
511,C2166,2004,1.88,0.38,0.28,7,12,506187
512,C2166,2005,1.0,0.32,0.17,4,11,346358
513,C2166,2006,1.09,0.36,0.19,5,14,431613
514,C2178,2001,0.0,0.0,0.0,0,0,0
515,C2202,2006,0.33,0.0,0.0,1,0,0
516,C2214,2006,0.83,0.0,0.0,1,0,0
517,C2218,2005,0.42,0.0,0.0,1,0,0
518,C2218,2006,0.37,0.0,0.0,1,0,0
519,C2222,2001,0.0,0.0,0.0,0,0,0
520,C2222,2002,0.0,0.0,0.0,0,0,0
521,C2222,2003,0.0,0.0,0.0,0,0,0
522,C2222,2004,0.54,0.0,0.0,2,0,0
523,C2222,2005,0.48,0.0,0.0,2,0,0
524,C2222,2006,0.81,0.0,0.0,4,0,0
525,C2242,2004,0.31,0.0,0.0,1,0,0
526,C2242,2005,0.31,0.0,0.0,1,0,0
527,C2242,2006,0.28,0.0,0.0,1,0,0
528,C2252,2001,0.0,0.0,0.0,0,0,0
529,C2266,2001,0.0,0.0,0.0,0,0,0
530,C2266,2002,0.0,0.0,0.0,0,0,0
531,C2266,2003,0.0,0.0,0.0,0,0,0
532,C2266,2004,0.88,0.0,0.0,3,0,0
533,C2266,2005,1.88,0.0,0.0,7,0,0
534,C2266,2006,2.56,0.0,0.0,11,0,0
535,C2290,2001,0.0,0.0,0.0,0,0,0
536,C2290,2002,0.0,0.0,0.0,0,0,0
537,C2290,2003,0.0,0.0,0.0,0,0,0
538,C2290,2004,0.43,0.0,0.0,1,0,0
539,C2290,2005,0.4,0.0,0.0,1,0,0
540,C2290,2006,0.35,0.0,0.0,1,0,0
541,C2302,2001,0.0,0.0,0.0,0,0,0
542,C2302,2002,0.0,0.0,0.0,0,0,0
543,C2302,2003,0.0,0.0,0.0,0,0,0
544,C2302,2004,0.0,0.0,0.0,0,0,0
545,C2306,2001,0.0,0.0,0.0,0,0,0
546,C2306,2002,0.0,0.0,0.0,0,0,0
547,C2306,2003,0.0,0.0,0.0,0,0,0
548,C2306,2004,0.54,0.0,0.0,2,0,0
549,C2306,2005,0.26,0.0,0.0,1,0,0
550,C2306,2006,0.23,0.0,0.0,1,0,0
551,C2342,2001,0.0,0.0,0.0,0,0,0
552,C2342,2002,0.0,0.0,0.0,0,0,0
553,C2342,2003,0.0,0.0,0.0,0,0,0
554,C2342,2004,0.28,0.0,0.0,3,0,0
555,C2342,2005,0.27,0.0,0.0,3,0,0
556,C2342,2006,0.4,0.0,0.0,5,0,0
557,C2354,2001,0.0,0.0,0.0,0,0,0
558,C2354,2002,2.06,1.67,1.64,5,54,2747180
559,C2354,2003,0.0,0.0,0.0,0,0,0
560,C2354,2004,0.87,0.0,0.0,2,0,0
561,C2354,2005,0.8,0.0,0.0,2,0,0
562,C2354,2006,2.1,0.82,0.52,6,27,1080716
563,C2358,2002,0.0,0.0,0.0,0,0,0
564,C2358,2003,0.0,0.0,0.0,0,0,0
565,C2358,2004,1.37,0.0,0.0,2,0,0
566,C2358,2005,1.25,0.0,0.0,2,0,0
567,C2358,2006,1.08,0.0,0.0,2,0,0
568,C2414,2006,0.98,0.0,0.0,1,0,0
569,C2422,2001,0.0,0.0,0.0,0,0,0
570,C2422,2002,0.0,0.0,0.0,0,0,0
571,C2422,2003,0.0,0.0,0.0,0,0,0
572,C2422,2004,1.82,0.0,0.0,2,0,0
573,C2422,2005,1.72,0.0,0.0,2,0,0
574,C2422,2006,0.76,0.0,0.0,1,0,0
575,C2430,2001,0.0,0.0,0.0,0,0,0
576,C2430,2002,0.0,0.0,0.0,0,0,0
577,C2430,2003,0.0,0.0,0.0,0,0,0
578,C2434,2001,0.48,0.05,0.05,4,7,386694
579,C2434,2002,0.4,0.08,0.07,3,8,478151
580,C2434,2003,0.61,0.09,0.08,4,8,455765
581,C2434,2004,0.78,0.0,0.0,5,0,0
582,C2434,2005,0.89,0.19,0.11,6,17,671909
583,C2434,2006,0.53,0.0,0.0,4,0,0
584,C2454,2001,0.0,0.0,0.0,0,0,0
585,C2454,2002,0.0,0.0,0.0,0,0,0
586,C2454,2003,0.0,0.0,0.0,0,0,0
587,C2454,2004,1.02,0.0,0.0,2,0,0
588,C2454,2005,0.46,0.0,0.0,1,0,0
589,C2454,2006,0.79,0.0,0.0,2,0,0
590,C2458,2005,0.32,0.0,0.0,1,0,0
591,C2458,2006,0.29,0.0,0.0,1,0,0
592,C2466,2001,0.0,0.0,0.0,0,0,0
593,C2466,2002,0.0,0.0,0.0,0,0,0
594,C2466,2003,0.0,0.0,0.0,0,0,0
595,C2466,2004,0.6,0.0,0.0,4,0,0
596,C2466,2005,0.57,0.0,0.0,4,0,0
597,C2466,2006,0.38,0.0,0.0,3,0,0
598,C2478,2001,0.0,0.0,0.0,0,0,0
599,C2478,2002,0.0,0.0,0.0,0,0,0
600,C2478,2003,0.0,0.0,0.0,0,0,0
601,C2478,2004,0.72,0.0,0.0,1,0,0
602,C2478,2005,0.68,0.0,0.0,1,0,0
603,C2478,2006,0.59,0.0,0.0,1,0,0
604,C2486,2004,0.18,0.0,0.0,1,0,0
605,C2486,2005,0.17,0.0,0.0,1,0,0
606,C2486,2006,0.42,0.0,0.0,3,0,0
607,C2506,2001,0.0,0.0,0.0,0,0,0
608,C2506,2002,0.0,0.0,0.0,0,0,0
609,C2506,2003,0.0,0.0,0.0,0,0,0
610,C2506,2004,0.48,0.0,0.0,1,0,0
611,C2506,2005,0.46,0.0,0.0,1,0,0
612,C2506,2006,0.44,0.0,0.0,1,0,0
613,C2518,2006,0.41,0.0,0.0,1,0,0
614,C2526,2001,0.0,0.0,0.0,0,0,0
615,C2542,2001,0.0,0.0,0.0,0,0,0
616,C2542,2002,0.0,0.0,0.0,0,0,0
617,C2542,2003,0.0,0.0,0.0,0,0,0
618,C2542,2004,0.4,0.0,0.0,2,0,0
619,C2542,2005,0.38,0.0,0.0,2,0,0
620,C2542,2006,0.5,0.0,0.0,3,0,0
621,C2550,2001,0.0,0.0,0.0,0,0,0
622,C2550,2002,0.0,0.0,0.0,0,0,0
623,C2550,2003,0.0,0.0,0.0,0,0,0
624,C2550,2004,1.9,0.0,0.0,2,0,0
625,C2550,2005,0.87,0.0,0.0,1,0,0
626,C2550,2006,1.52,0.0,0.0,2,0,0
627,C2554,2001,0.0,0.0,0.0,0,0,0
628,C2554,2002,0.0,0.0,0.0,0,0,0
629,C2554,2003,0.0,0.0,0.0,0,0,0
630,C2554,2004,0.94,0.0,0.0,11,0,0
631,C2554,2005,0.89,0.0,0.0,11,0,0
632,C2554,2006,0.86,0.34,0.29,12,54,4213537
633,C2562,2003,0.0,0.0,0.0,0,0,0
634,C2586,2001,0.0,0.0,0.0,0,0,0
635,C2586,2004,0.0,0.0,0.0,0,0,0
636,C2586,2006,0.29,0.0,0.0,1,0,0
637,C2610,2001,0.0,0.0,0.0,0,0,0
638,C2610,2002,0.0,0.0,0.0,0,0,0
639,C2610,2003,0.0,0.0,0.0,0,0,0
640,C2610,2004,0.47,0.0,0.0,1,0,0
641,C2610,2005,0.45,0.0,0.0,1,0,0
642,C2610,2006,0.4,0.0,0.0,1,0,0
643,C2618,2001,0.71,0.11,0.06,8,15,527531
644,C2618,2002,0.0,0.0,0.0,0,0,0
645,C2618,2003,0.54,0.15,0.12,5,14,696002
646,C2618,2004,0.82,0.0,0.0,7,0,0
647,C2618,2005,0.88,0.0,0.0,8,0,0
648,C2618,2006,0.88,0.21,0.18,9,24,1478596
649,C2630,2005,0.0,0.0,0.0,0,0,0
650,C2630,2006,1.43,0.0,0.0,2,0,0
651,C2642,1994,0.57,0.4,0.3,4,78,2072679
652,C2642,1996,0.67,0.37,0.29,6,95,2992673
653,C2642,1997,0.75,0.48,0.37,8,139,4966810
654,C2642,1998,0.87,0.54,0.34,11,159,6879431
655,C2642,1999,0.66,0.44,0.26,14,192,8405075
656,C2642,2000,0.6,0.33,0.2,26,271,13093607
657,C2642,2001,0.0,0.0,0.0,0,0,0
658,C2642,2002,0.57,0.3,0.2,27,176,9109099
659,C2642,2003,0.49,0.25,0.16,21,130,6177636
660,C2642,2004,0.44,0.5,0.47,19,254,19203061
661,C2642,2005,0.49,0.0,0.0,22,0,0
662,C2642,2006,0.52,0.0,0.0,27,0,0
663,C2662,2001,0.0,0.0,0.0,0,0,0
664,C2662,2002,0.0,0.0,0.0,0,0,0
665,C2662,2003,0.0,0.0,0.0,0,0,0
666,C2662,2004,0.9,0.0,0.0,3,0,0
667,C2662,2005,0.83,0.0,0.0,3,0,0
668,C2662,2006,0.97,0.0,0.0,4,0,0
669,C2682,2001,0.0,0.0,0.0,0,0,0
670,C2682,2002,0.0,0.0,0.0,0,0,0
671,C2682,2003,0.0,0.0,0.0,0,0,0
672,C2682,2004,0.71,0.0,0.0,1,0,0
673,C2682,2005,0.65,0.0,0.0,1,0,0
674,C2690,2001,0.0,0.0,0.0,0,0,0
675,C2690,2002,0.47,0.29,0.29,8,62,4319142
676,C2690,2003,0.0,0.0,0.0,0,0,0
677,C2690,2004,0.33,0.0,0.0,5,0,0
678,C2690,2005,0.57,0.29,0.26,9,59,3819967
679,C2690,2006,0.61,0.25,0.19,11,55,3064429
680,C2698,2001,0.0,0.0,0.0,0,0,0
681,C2698,2004,0.69,0.0,0.0,1,0,0
682,C2698,2005,0.65,0.0,0.0,1,0,0
683,C2706,2001,0.0,0.0,0.0,0,0,0
684,C2706,2002,0.0,0.0,0.0,0,0,0
685,C2706,2003,0.0,0.0,0.0,0,0,0
686,C2706,2004,3.53,0.0,0.0,3,0,0
687,C2706,2005,3.36,0.0,0.0,3,0,0
688,C2706,2006,2.99,0.0,0.0,3,0,0
689,C2710,2001,0.0,0.0,0.0,0,0,0
690,C2710,2002,0.0,0.0,0.0,0,0,0
691,C2714,2001,0.0,0.0,0.0,0,0,0
692,C2714,2004,0.0,0.0,0.0,0,0,0
693,C2714,2005,0.2,0.0,0.0,1,0,0
694,C2714,2006,0.18,0.0,0.0,1,0,0
695,C2726,2001,0.0,0.0,0.0,0,0,0
696,C2726,2002,0.0,0.0,0.0,0,0,0
697,C2726,2003,0.7,0.08,0.07,8,10,558577
698,C2726,2004,0.5,0.06,0.03,6,7,240091
699,C2726,2005,0.59,0.22,0.17,8,30,1587336
700,C2726,2006,0.76,0.16,0.12,12,24,1313087
701,C2734,2001,0.0,0.0,0.0,0,0,0
702,C2734,2002,0.0,0.0,0.0,0,0,0
703,C2734,2003,0.0,0.0,0.0,0,0,0
704,C2734,2004,1.06,0.0,0.0,1,0,0
705,C2734,2005,1.0,0.0,0.0,1,0,0
706,C2734,2006,2.58,0.0,0.0,3,0,0
707,C2750,2003,0.0,0.0,0.0,0,0,0
708,C2750,2004,0.77,0.0,0.0,1,0,0
709,C2762,2001,0.0,0.0,0.0,0,0,0
710,C2762,2004,0.7,0.0,0.0,1,0,0
711,C2762,2005,0.67,0.0,0.0,1,0,0
712,C2762,2006,0.6,0.0,0.0,1,0,0
713,C2778,2001,0.0,0.0,0.0,0,0,0
714,C2778,2002,2.59,0.2,0.6,4,3,451810
715,C2778,2003,0.0,0.0,0.0,0,0,0
716,C2778,2004,0.74,0.0,0.0,1,0,0
717,C2778,2005,0.7,0.0,0.0,1,0,0
718,C2778,2006,0.62,0.0,0.0,1,0,0
719,C2786,2004,0.9,0.0,0.0,1,0,0
720,C2786,2005,0.85,0.0,0.0,1,0,0
721,C2790,2004,0.0,0.0,0.0,0,0,0
722,C2790,2005,0.56,0.0,0.0,1,0,0
723,C2790,2006,0.51,0.0,0.0,1,0,0
724,C2802,2001,0.0,0.0,0.0,0,0,0
725,C2802,2002,0.0,0.0,0.0,0,0,0
726,C2814,2001,0.0,0.0,0.0,0,0,0
727,C2814,2002,0.69,0.6,0.39,16,149,6653838
728,C2814,2003,0.0,0.0,0.0,0,0,0
729,C2814,2004,1.04,0.79,0.57,21,167,8544721
730,C2814,2005,0.93,0.68,0.49,20,154,8130911
731,C2814,2006,0.67,0.0,0.0,16,0,0
732,C2842,2001,0.0,0.0,0.0,0,0,0
733,C2842,2002,0.0,0.0,0.0,0,0,0
734,C2842,2003,0.0,0.0,0.0,0,0,0
735,C2842,2004,0.39,0.0,0.0,1,0,0
736,C2866,2002,0.0,0.0,0.0,0,0,0
737,C2866,2003,0.0,0.0,0.0,0,0,0
738,C2866,2004,0.5,0.0,0.0,1,0,0
739,C2870,2001,0.0,0.0,0.0,0,0,0
740,C2870,2002,0.0,0.0,0.0,0,0,0
741,C2870,2003,0.0,0.0,0.0,0,0,0
742,C2870,2004,0.43,0.0,0.0,1,0,0
743,C2870,2005,0.42,0.0,0.0,1,0,0
744,C2870,2006,0.37,0.0,0.0,1,0,0
745,C2874,2001,0.0,0.0,0.0,0,0,0
746,C2874,2002,0.0,0.0,0.0,0,0,0
747,C2874,2003,0.0,0.0,0.0,0,0,0
748,C2874,2006,0.0,0.0,0.0,0,0,0
749,C2894,2001,0.0,0.0,0.0,0,0,0
750,C2894,2002,0.0,0.0,0.0,0,0,0
751,C2894,2003,0.0,0.0,0.0,0,0,0
752,C2894,2004,0.91,0.0,0.0,5,0,0
753,C2894,2005,0.86,0.31,0.23,5,23,1128707
754,C2894,2006,0.45,0.0,0.0,3,0,0
755,C2910,2001,0.0,0.0,0.0,0,0,0
756,C2910,2002,0.0,0.0,0.0,0,0,0
757,C2910,2003,0.0,0.0,0.0,0,0,0
758,C2910,2004,0.78,0.0,0.0,1,0,0
759,C2910,2005,0.75,0.0,0.0,1,0,0
760,C2910,2006,0.67,0.0,0.0,1,0,0
761,C2934,2001,0.0,0.0,0.0,0,0,0
762,C2934,2002,0.0,0.0,0.0,0,0,0
763,C2934,2003,0.0,0.0,0.0,0,0,0
764,C2934,2004,0.56,0.0,0.0,1,0,0
765,C2946,2001,0.0,0.0,0.0,0,0,0
766,C2946,2002,0.0,0.0,0.0,0,0,0
767,C2946,2003,0.0,0.0,0.0,0,0,0
768,C2946,2004,0.51,0.0,0.0,2,0,0
769,C2946,2005,0.22,0.0,0.0,1,0,0
770,C2946,2006,0.19,0.0,0.0,1,0,0
771,C2954,2001,0.91,0.26,0.15,5,19,679894
772,C2954,2002,0.0,0.0,0.0,0,0,0
773,C2954,2003,0.0,0.0,0.0,0,0,0
774,C2954,2004,0.7,0.0,0.0,3,0,0
775,C2954,2005,0.66,0.37,0.18,3,20,644528
776,C2954,2006,0.58,0.36,0.2,3,21,761103
777,C2962,2001,0.0,0.0,0.0,0,0,0
778,C2962,2002,0.0,0.0,0.0,0,0,0
779,C2962,2003,0.0,0.0,0.0,0,0,0
780,C2962,2004,0.54,0.0,0.0,2,0,0
781,C2962,2005,0.25,0.0,0.0,1,0,0
782,C2962,2006,0.23,0.0,0.0,1,0,0
783,C2982,1990,1.84,0.23,0.22,3,13,317714
784,C2982,1996,1.38,0.39,0.39,3,28,950394
785,C2982,1997,2.69,0.58,0.6,7,49,1923582
786,C2982,1998,3.15,0.62,0.37,10,53,1784093
787,C2982,1999,2.34,0.94,0.51,13,126,4262835
788,C2982,2000,2.5,1.11,0.73,29,286,12339229
789,C2982,2001,2.37,0.66,0.53,33,159,8296808
790,C2982,2002,2.16,1.04,0.87,29,198,10508052
791,C2982,2003,2.31,1.11,0.85,31,194,9256460
792,C2982,2004,2.22,0.83,0.49,32,151,5974975
793,C2982,2005,2.46,1.2,0.67,40,250,9815738
794,C2982,2006,2.84,1.31,0.78,56,310,13419501
795,C2994,2001,0.0,0.0,0.0,0,0,0
796,C2994,2004,0.96,0.0,0.0,1,0,0
797,C2994,2005,1.84,0.0,0.0,2,0,0
798,C2994,2006,1.65,0.0,0.0,2,0,0
799,C3034,2001,0.0,0.0,0.0,0,0,0
800,C3034,2002,0.0,0.0,0.0,0,0,0
801,C3034,2003,0.0,0.0,0.0,0,0,0
802,C3034,2005,0.87,0.0,0.0,1,0,0
803,C3034,2006,0.76,0.0,0.0,1,0,0
804,C3046,2001,0.0,0.0,0.0,0,0,0
805,C3046,2002,0.0,0.0,0.0,0,0,0
806,C3046,2003,0.0,0.0,0.0,0,0,0
807,C3046,2004,0.87,0.0,0.0,4,0,0
808,C3046,2005,1.23,0.6,0.4,6,34,1538219
809,C3046,2006,1.59,0.61,0.4,9,38,1718943
810,C3070,2001,0.0,0.0,0.0,0,0,0
811,C3070,2002,0.0,0.0,0.0,0,0,0
812,C3070,2003,0.0,0.0,0.0,0,0,0
813,C3070,2004,0.69,0.0,0.0,2,0,0
814,C3070,2005,2.22,0.0,0.0,7,0,0
815,C3070,2006,1.96,0.75,0.6,7,31,1515849
816,C3078,2001,0.0,0.0,0.0,0,0,0
817,C3078,2002,0.0,0.0,0.0,0,0,0
818,C3078,2003,0.0,0.0,0.0,0,0,0
819,C3078,2004,0.73,0.0,0.0,5,0,0
820,C3078,2005,0.68,0.0,0.0,5,0,0
821,C3078,2006,0.58,0.0,0.0,5,0,0
822,C3098,2004,0.53,0.0,0.0,1,0,0
823,C3098,2005,0.5,0.0,0.0,1,0,0
824,C3098,2006,0.45,0.0,0.0,1,0,0
825,C3102,2001,0.0,0.0,0.0,0,0,0
826,C3102,2002,0.0,0.0,0.0,0,0,0
827,C3102,2003,0.0,0.0,0.0,0,0,0
828,C3102,2004,0.92,0.0,0.0,1,0,0
829,C3110,1990,0.57,0.33,0.36,17,277,9654780
830,C3110,1991,0.78,0.4,0.46,24,291,11261645
831,C3110,1992,1.02,0.8,0.82,30,455,16231327
832,C3110,1993,1.19,1.19,1.12,33,600,20733223
833,C3110,1994,1.14,1.61,1.55,29,829,29431587
834,C3110,1995,1.16,2.06,1.88,33,1128,39384433
835,C3110,1996,1.1,1.17,1.22,36,771,32784993
836,C3110,1997,1.07,1.27,1.42,39,944,47884135
837,C3110,1998,1.23,1.8,1.53,57,1325,76466597
838,C3110,1999,1.4,1.96,1.65,110,2152,134657980
839,C3110,2000,1.59,2.33,1.89,240,4749,310307713
840,C3110,2001,1.37,2.14,1.88,255,3964,280789553
841,C3110,2002,1.26,2.09,1.81,221,3011,203593438
842,C3110,2003,1.19,2.22,1.96,197,2786,189309319
843,C3110,2004,1.14,2.07,1.83,188,2579,186355744
844,C3110,2005,0.99,1.94,2.12,175,2597,240835600
845,C3110,2006,1.01,1.96,1.87,211,2884,243282285
846,C3114,2001,0.0,0.0,0.0,0,0,0
847,C3114,2002,0.0,0.0,0.0,0,0,0
848,C3114,2003,0.41,0.2,0.14,5,26,1103257
849,C3114,2004,0.51,0.0,0.0,6,0,0
850,C3114,2005,0.48,0.0,0.0,6,0,0
851,C3114,2006,0.77,0.9,0.72,11,136,7658925
852,C3118,2001,0.0,0.0,0.0,0,0,0
853,C3118,2002,0.0,0.0,0.0,0,0,0
854,C3118,2003,1.18,0.55,0.51,3,15,700089
855,C3118,2004,1.21,1.15,0.68,3,31,969429
856,C3118,2005,0.77,0.0,0.0,2,0,0
857,C3118,2006,0.68,0.0,0.0,2,0,0
858,C3134,2001,0.0,0.0,0.0,0,0,0
859,C3134,2002,0.0,0.0,0.0,0,0,0
860,C3134,2003,0.0,0.0,0.0,0,0,0
861,C3134,2006,0.75,0.0,0.0,2,0,0
862,C3142,2006,0.4,0.0,0.0,1,0,0
863,C3146,2001,0.0,0.0,0.0,0,0,0
864,C3146,2002,0.0,0.0,0.0,0,0,0
865,C3146,2003,0.0,0.0,0.0,0,0,0
866,C3146,2006,0.0,0.0,0.0,0,0,0
867,C3154,2001,0.0,0.0,0.0,0,0,0
868,C3154,2002,0.0,0.0,0.0,0,0,0
869,C3154,2003,0.0,0.0,0.0,0,0,0
870,C3154,2004,1.72,0.0,0.0,10,0,0
871,C3154,2005,2.25,0.0,0.0,14,0,0
872,C3154,2006,2.46,0.0,0.0,17,0,0
873,C3170,2001,0.0,0.0,0.0,0,0,0
874,C3170,2002,0.59,0.18,0.07,3,9,251767
875,C3170,2003,0.87,0.27,0.13,4,12,438141
876,C3170,2004,1.76,0.39,0.12,8,17,405822
877,C3170,2005,1.48,0.28,0.14,7,13,556832
878,C3170,2006,1.31,0.26,0.16,7,13,687347
879,C3242,2001,0.0,0.0,0.0,0,0,0
880,C3242,2002,0.0,0.0,0.0,0,0,0
881,C3242,2003,0.0,0.0,0.0,0,0,0
882,C3242,2004,1.4,0.0,0.0,1,0,0
883,C3242,2005,1.25,0.0,0.0,1,0,0
884,C3242,2006,1.07,0.0,0.0,1,0,0
885,C3278,2001,0.0,0.0,0.0,0,0,0
886,C3278,2002,1.66,0.41,0.3,4,8,307490
887,C3278,2003,2.22,0.34,0.35,5,6,314448
888,C3278,2004,2.23,0.45,0.39,5,8,377454
889,C3278,2005,1.22,0.0,0.0,3,0,0
890,C3278,2006,1.76,0.51,0.28,5,11,351710
891,C3282,2001,0.0,0.0,0.0,0,0,0
892,C3282,2002,0.0,0.0,0.0,0,0,0
893,C3282,2003,0.0,0.0,0.0,0,0,0
894,C3282,2004,0.75,0.0,0.0,7,0,0
895,C3282,2005,0.51,0.0,0.0,5,0,0
896,C3282,2006,0.27,0.0,0.0,3,0,0
897,C3290,2001,0.0,0.0,0.0,0,0,0
898,C3290,2002,0.0,0.0,0.0,0,0,0
899,C3290,2003,0.0,0.0,0.0,0,0,0
900,C3290,2004,0.49,0.0,0.0,1,0,0
901,C3290,2006,0.41,0.0,0.0,1,0,0
902,C3310,1990,0.46,2.29,2.27,6,610,16107460
903,C3310,1991,0.49,2.48,2.47,6,591,16406809
904,C3310,1993,0.54,3.6,3.66,6,674,20721341
905,C3310,1995,0.71,3.87,4.31,8,807,29368992
906,C3310,1999,1.03,1.63,1.22,32,674,32102531
907,C3310,2000,1.45,1.21,0.92,92,938,49408311
908,C3310,2001,1.67,1.5,1.18,129,1092,58850504
909,C3310,2002,1.52,1.58,1.33,110,899,50449239
910,C3310,2003,1.29,1.78,1.56,87,885,51002617
911,C3310,2004,1.5,2.03,2.01,102,1008,69845749
912,C3310,2005,1.62,1.28,1.12,119,701,44803409
913,C3310,2006,1.52,1.25,1.03,127,752,47502343
914,C3314,2003,0.0,0.0,0.0,0,0,0
915,C3334,2001,0.0,0.0,0.0,0,0,0
916,C3334,2002,0.0,0.0,0.0,0,0,0
917,C3334,2003,0.0,0.0,0.0,0,0,0
918,C3334,2004,0.66,0.19,0.11,10,35,1427213
919,C3334,2005,0.69,0.23,0.14,11,44,1963961
920,C3334,2006,0.91,0.0,0.0,16,0,0
921,C3346,1990,1.77,0.55,0.4,13,113,2411711
922,C3346,1991,1.73,0.63,0.47,12,118,2697853
923,C3346,1992,1.39,0.75,0.54,9,118,2671854
924,C3346,1993,1.31,0.58,0.39,8,86,1900664
925,C3346,1994,1.35,0.35,0.33,8,54,1749299
926,C3346,1995,1.43,0.28,0.22,9,46,1299675
927,C3346,1996,1.43,0.33,0.25,11,67,1971031
928,C3346,1997,1.44,0.62,0.5,13,141,5074371
929,C3346,1998,1.24,0.92,0.49,13,209,7444489
930,C3346,1999,0.86,0.78,0.46,15,265,11486938
931,C3346,2000,0.64,0.77,0.49,23,482,24931113
932,C3346,2001,0.0,0.0,0.0,0,0,0
933,C3346,2002,0.0,0.0,0.0,0,0,0
934,C3346,2003,0.99,0.9,0.69,35,347,20412076
935,C3346,2004,1.0,1.14,0.88,34,436,27580937
936,C3346,2005,1.0,1.13,0.93,37,466,31773134
937,C3346,2006,1.05,1.21,1.07,44,542,40983012
938,C3354,2001,0.0,0.0,0.0,0,0,0
939,C3354,2002,0.0,0.0,0.0,0,0,0
940,C3354,2003,0.0,0.0,0.0,0,0,0
941,C3354,2004,0.63,0.0,0.0,1,0,0
942,C3354,2005,2.49,0.0,0.0,4,0,0
943,C3354,2006,2.72,0.0,0.0,5,0,0
944,C3366,2001,0.0,0.0,0.0,0,0,0
945,C3366,2002,0.0,0.0,0.0,0,0,0
946,C3366,2003,0.0,0.0,0.0,0,0,0
947,C3366,2004,1.12,0.0,0.0,4,0,0
948,C3366,2005,0.8,0.0,0.0,3,0,0
949,C3366,2006,0.47,0.0,0.0,2,0,0
950,C3370,2001,0.0,0.0,0.0,0,0,0
951,C3370,2002,0.0,0.0,0.0,0,0,0
952,C3370,2003,0.0,0.0,0.0,0,0,0
953,C3370,2004,0.41,0.0,0.0,2,0,0
954,C3370,2005,0.2,0.0,0.0,1,0,0
955,C3374,2001,0.0,0.0,0.0,0,0,0
956,C3374,2002,0.0,0.0,0.0,0,0,0
957,C3374,2003,0.0,0.0,0.0,0,0,0
958,C3386,2001,0.0,0.0,0.0,0,0,0
959,C3386,2002,0.0,0.0,0.0,0,0,0
960,C3386,2003,0.0,0.0,0.0,0,0,0
961,C3386,2004,0.62,0.0,0.0,2,0,0
962,C3386,2005,0.58,0.0,0.0,2,0,0
963,C3386,2006,0.52,0.0,0.0,2,0,0
964,C3410,2001,0.0,0.0,0.0,0,0,0
965,C3410,2002,0.0,0.0,0.0,0,0,0
966,C3410,2003,0.0,0.0,0.0,0,0,0
967,C3410,2004,1.19,0.0,0.0,1,0,0
968,C3458,2001,0.0,0.0,0.0,0,0,0
969,C3458,2002,0.0,0.0,0.0,0,0,0
970,C3458,2003,0.0,0.0,0.0,0,0,0
971,C3458,2004,0.71,0.0,0.0,1,0,0
972,C3458,2005,0.68,0.0,0.0,1,0,0
973,C3458,2006,0.0,0.0,0.0,0,0,0
974,C3482,2004,0.34,0.0,0.0,1,0,0
975,C3482,2005,0.62,0.0,0.0,2,0,0
976,C3482,2006,0.5,0.0,0.0,2,0,0
977,C3490,2001,1.88,1.64,1.92,4,35,2809023
978,C3490,2002,0.0,0.0,0.0,0,0,0
979,C3490,2003,0.0,0.0,0.0,0,0,0
980,C3490,2004,2.28,0.0,0.0,4,0,0
981,C3490,2005,1.09,0.0,0.0,2,0,0
982,C3490,2006,0.94,0.0,0.0,2,0,0
983,C3494,2001,0.0,0.0,0.0,0,0,0
984,C3494,2002,0.0,0.0,0.0,0,0,0
985,C3494,2003,0.0,0.0,0.0,0,0,0
986,C3494,2004,0.76,0.11,0.05,3,3,86923
987,C3494,2005,0.89,0.0,0.0,4,0,0
988,C3494,2006,0.57,0.0,0.0,3,0,0
989,C3498,2001,0.0,0.0,0.0,0,0,0
990,C3498,2002,0.0,0.0,0.0,0,0,0
991,C3498,2003,1.56,0.93,0.91,20,150,9415925
992,C3498,2004,1.5,0.0,0.0,19,0,0
993,C3498,2005,1.35,0.0,0.0,18,0,0
994,C3498,2006,1.36,0.0,0.0,21,0,0
995,C3530,2001,0.68,0.68,0.52,7,83,4957487
996,C3530,2002,0.54,0.92,0.71,5,88,5090810
997,C3530,2003,0.48,1.1,0.91,4,91,5574038
998,C3530,2004,0.74,1.23,1.0,6,100,6342510
999,C3530,2005,0.71,1.12,0.94,6,97,6518631
1000,C3530,2006,0.73,0.87,0.64,7,83,4983239
1001,C3538,1997,0.83,0.18,0.14,3,15,433872
1002,C3538,1998,0.93,0.43,0.36,4,36,1606810
1003,C3538,1999,0.82,0.37,0.32,6,45,2266617
1004,C3538,2000,0.89,0.28,0.2,13,62,2707094
1005,C3538,2001,0.0,0.0,0.0,0,0,0
1006,C3538,2002,0.85,0.42,0.26,13,65,2453327
1007,C3538,2003,0.0,0.0,0.0,0,0,0
1008,C3538,2004,0.97,0.52,0.29,13,70,2474352
1009,C3538,2005,1.05,0.0,0.0,15,0,0
1010,C3538,2006,0.89,0.3,0.16,14,37,1489906
1011,C3562,2001,0.0,0.0,0.0,0,0,0
1012,C3562,2002,0.0,0.0,0.0,0,0,0
1013,C3562,2003,1.21,1.68,1.52,249,3073,259894775
1014,C3562,2004,1.19,1.63,1.39,240,2927,251178489
1015,C3562,2005,1.18,1.69,1.45,253,3247,293834290
1016,C3562,2006,1.17,1.79,1.56,281,3778,365246699
1017,C3566,2005,0.66,0.0,0.0,1,0,0
1018,C3566,2006,0.59,0.0,0.0,1,0,0
1019,C3598,2001,0.0,0.0,0.0,0,0,0
1020,C3598,2002,0.0,0.0,0.0,0,0,0
1021,C3598,2003,0.0,0.0,0.0,0,0,0
1022,C3598,2004,1.23,0.0,0.0,3,0,0
1023,C3598,2005,1.17,0.0,0.0,3,0,0
1024,C3598,2006,0.69,0.0,0.0,2,0,0
1025,C3610,2001,1.14,0.11,0.06,3,3,82198
1026,C3610,2002,0.0,0.0,0.0,0,0,0
1027,C3610,2003,0.0,0.0,0.0,0,0,0
1028,C3610,2004,0.81,0.0,0.0,2,0,0
1029,C3610,2005,0.71,0.0,0.0,2,0,0
1030,C3610,2006,1.18,0.15,0.11,4,4,171908
1031,C3614,2001,0.0,0.0,0.0,0,0,0
1032,C3614,2002,0.0,0.0,0.0,0,0,0
1033,C3614,2003,0.0,0.0,0.0,0,0,0
1034,C3614,2004,0.63,0.0,0.0,1,0,0
1035,C3614,2005,0.6,0.0,0.0,1,0,0
1036,C3614,2006,0.54,0.0,0.0,1,0,0
1037,C3626,2001,0.0,0.0,0.0,0,0,0
1038,C3626,2002,0.0,0.0,0.0,0,0,0
1039,C3626,2003,0.0,0.0,0.0,0,0,0
1040,C3626,2004,0.68,0.0,0.0,3,0,0
1041,C3626,2005,1.04,0.0,0.0,5,0,0
1042,C3626,2006,1.43,0.0,0.0,8,0,0
1043,C3642,1998,1.77,0.94,0.55,6,66,1881073
1044,C3642,1999,1.58,0.77,0.41,9,81,2269876
1045,C3642,2000,1.13,0.57,0.32,13,110,3640492
1046,C3642,2001,0.0,0.0,0.0,0,0,0
1047,C3642,2002,0.0,0.0,0.0,0,0,0
1048,C3642,2003,1.4,1.33,0.97,16,159,6445133
1049,C3642,2004,1.43,1.17,0.78,16,139,5450219
1050,C3642,2005,1.4,0.0,0.0,17,0,0
1051,C3642,2006,1.16,0.98,0.72,16,139,6657417
1052,C3650,2001,0.0,0.0,0.0,0,0,0
1053,C3650,2002,0.0,0.0,0.0,0,0,0
1054,C3650,2003,0.0,0.0,0.0,0,0,0
1055,C3650,2004,0.44,0.0,0.0,1,0,0
1056,C3650,2005,0.41,0.0,0.0,1,0,0
1057,C3650,2006,0.36,0.0,0.0,1,0,0
1058,C3654,1990,3.28,0.35,0.29,6,18,350977
1059,C3654,1991,3.87,0.94,0.53,7,44,605873
1060,C3654,1992,4.26,1.07,0.55,7,42,545065
1061,C3654,1993,4.49,1.12,0.56,7,41,542340
1062,C3654,1994,4.71,1.12,0.61,7,43,641708
1063,C3654,1995,3.26,0.29,0.12,5,12,147499
1064,C3654,1996,3.3,0.22,0.1,6,11,164442
1065,C3654,1997,1.45,0.12,0.06,3,7,114213
1066,C3654,1999,0.73,0.06,0.05,3,5,264849
1067,C3654,2000,0.84,0.16,0.08,7,26,761671
1068,C3654,2001,1.71,1.26,0.91,17,180,8116793
1069,C3654,2002,0.0,0.0,0.0,0,0,0
1070,C3654,2003,0.0,0.0,0.0,0,0,0
1071,C3654,2004,1.61,0.0,0.0,13,0,0
1072,C3654,2005,1.16,0.0,0.0,10,0,0
1073,C3654,2006,0.92,0.0,0.0,9,0,0
1074,C3674,1991,1.26,0.7,0.49,4,58,1034636
1075,C3674,1993,1.74,0.97,0.69,5,65,1256058
1076,C3674,1994,1.79,0.93,0.64,5,66,1277325
1077,C3674,1995,1.68,0.83,0.62,5,64,1387242
1078,C3674,1996,1.11,0.68,0.47,4,65,1395921
1079,C3674,1997,1.18,0.43,0.19,5,48,742149
1080,C3674,1998,1.37,0.21,0.1,7,24,600305
1081,C3674,1999,1.55,0.23,0.17,13,39,1656874
1082,C3674,2000,1.63,0.42,0.34,28,135,6565547
1083,C3674,2001,0.0,0.0,0.0,0,0,0
1084,C3674,2002,0.0,0.0,0.0,0,0,0
1085,C3674,2003,0.0,0.0,0.0,0,0,0
1086,C3674,2004,1.13,0.3,0.19,22,63,2482874
1087,C3674,2005,1.42,0.0,0.0,31,0,0
1088,C3674,2006,1.57,0.53,0.6,41,138,10714782
1089,C3678,2005,0.66,0.0,0.0,1,0,0
1090,C3678,2006,1.22,0.0,0.0,2,0,0
1091,C3710,2001,0.0,0.0,0.0,0,0,0
1092,C3710,2002,0.0,0.0,0.0,0,0,0
1093,C3710,2003,0.0,0.0,0.0,0,0,0
1094,C3710,2004,0.66,0.26,0.29,5,18,1550185
1095,C3710,2005,0.51,0.33,0.36,4,25,2212664
1096,C3710,2006,0.32,0.29,0.29,3,24,1980508
1097,C3734,2001,0.0,0.0,0.0,0,0,0
1098,C3734,2002,0.61,0.08,0.02,3,4,76520
1099,C3734,2003,0.0,0.0,0.0,0,0,0
1100,C3734,2004,0.21,0.0,0.0,1,0,0
1101,C3734,2005,0.38,0.0,0.0,2,0,0
1102,C3734,2006,0.65,0.09,0.04,4,5,141932
1103,C3746,2002,0.0,0.0,0.0,0,0,0
1104,C3746,2003,0.0,0.0,0.0,0,0,0
1105,C3746,2004,0.58,0.0,0.0,1,0,0
1106,C3746,2005,0.53,0.0,0.0,1,0,0
1107,C3746,2006,0.91,0.0,0.0,2,0,0
1108,C3786,2001,0.0,0.0,0.0,0,0,0
1109,C3786,2002,0.0,0.0,0.0,0,0,0
1110,C3786,2003,0.0,0.0,0.0,0,0,0
1111,C3786,2004,0.27,0.0,0.0,1,0,0
1112,C3786,2005,0.25,0.0,0.0,1,0,0
1113,C3786,2006,0.21,0.0,0.0,1,0,0
1114,C3790,2002,0.0,0.0,0.0,0,0,0
1115,C3790,2003,0.0,0.0,0.0,0,0,0
1116,C3790,2004,0.32,0.0,0.0,1,0,0
1117,C3790,2005,0.31,0.0,0.0,1,0,0
1118,C3790,2006,0.54,0.0,0.0,2,0,0
1119,C3798,1990,0.53,1.23,1.35,7,457,15122024
1120,C3798,1991,0.56,0.52,0.57,7,171,5939145
1121,C3798,1992,0.61,0.24,0.26,7,64,2247893
1122,C3798,1993,0.66,0.27,0.27,7,65,2328151
1123,C3798,1994,0.81,0.32,0.36,8,81,3228582
1124,C3798,1995,0.76,0.4,0.46,8,105,4652436
1125,C3798,1996,0.81,0.51,0.57,10,164,7331839
1126,C3798,1997,0.76,0.63,0.64,11,224,10502101
1127,C3798,1998,0.77,0.78,0.58,13,275,13931570
1128,C3798,1999,0.7,0.63,0.48,20,329,18842514
1129,C3798,2000,0.53,0.65,0.52,31,632,40075581
1130,C3798,2001,0.0,0.0,0.0,0,0,0
1131,C3798,2002,0.0,0.0,0.0,0,0,0
1132,C3798,2003,0.0,0.0,0.0,0,0,0
1133,C3798,2004,0.8,0.68,0.98,46,403,47845171
1134,C3798,2005,0.85,0.66,0.7,52,420,37989293
1135,C3798,2006,0.84,0.44,0.35,57,302,21279685
1136,C3806,1990,1.39,0.86,0.92,8,134,3743631
1137,C3806,1991,1.41,0.76,0.94,8,108,3593912
1138,C3806,1992,1.48,0.3,0.29,8,35,927360
1139,C3806,1993,1.57,0.32,0.25,8,36,810058
1140,C3806,1994,1.6,0.33,0.26,8,40,952201
1141,C3806,1995,1.49,0.35,0.26,8,48,1144683
1142,C3806,1996,1.56,0.37,0.26,10,64,1570495
1143,C3806,1997,1.61,0.41,0.29,12,82,2223821
1144,C3806,1998,1.24,0.26,0.17,11,54,2082032
1145,C3806,1999,1.01,0.26,0.18,15,80,3518149
1146,C3806,2000,0.91,0.27,0.43,28,156,17790016
1147,C3806,2001,0.0,0.0,0.0,0,0,0
1148,C3806,2002,1.01,0.38,0.29,34,160,8286420
1149,C3806,2003,1.05,0.56,0.43,33,207,10555688
1150,C3806,2004,1.14,0.0,0.0,35,0,0
1151,C3806,2005,1.18,0.0,0.0,40,0,0
1152,C3806,2006,1.3,0.0,0.0,53,0,0
1153,C3830,2001,0.0,0.0,0.0,0,0,0
1154,C3830,2002,0.69,0.22,0.17,18,64,3358022
1155,C3830,2003,0.67,0.21,0.24,16,53,3807552
1156,C3830,2004,0.48,0.16,0.13,11,39,2192222
1157,C3830,2005,0.5,0.14,0.11,12,37,1983982
1158,C3830,2006,0.52,0.13,0.11,14,38,2304679
1159,C3834,2001,1.86,6.17,6.89,4,129,9015290
1160,C3834,2002,1.52,3.95,5.58,3,65,5653953
1161,C3834,2003,1.68,2.87,3.95,3,41,3307867
1162,C3834,2004,1.7,4.23,3.82,3,59,3352647
1163,C3834,2005,1.61,4.02,3.45,3,60,3354096
1164,C3834,2006,0.98,0.0,0.0,2,0,0
1165,C3886,2001,0.0,0.0,0.0,0,0,0
1166,C3886,2002,0.0,0.0,0.0,0,0,0
1167,C3886,2003,0.0,0.0,0.0,0,0,0
1168,C3886,2004,0.43,0.42,0.36,3,24,1296702
1169,C3886,2005,0.56,0.5,0.42,4,30,1642769
1170,C3886,2006,0.98,0.0,0.0,8,0,0
1171,C3890,1995,0.92,0.14,0.07,4,13,213613
1172,C3890,1998,0.54,0.33,0.18,4,43,1447864
1173,C3890,1999,0.9,0.38,0.22,11,72,2890912
1174,C3890,2000,0.97,0.74,0.44,24,265,11850966
1175,C3890,2001,0.0,0.0,0.0,0,0,0
1176,C3890,2002,0.0,0.0,0.0,0,0,0
1177,C3890,2003,0.0,0.0,0.0,0,0,0
1178,C3890,2004,1.4,0.51,0.42,33,108,6470913
1179,C3890,2005,1.4,0.0,0.0,36,0,0
1180,C3890,2006,1.21,0.56,0.43,36,145,8773942
1181,C3894,2003,0.0,0.0,0.0,0,0,0
1182,C3894,2004,0.56,0.0,0.0,2,0,0
1183,C3894,2005,0.24,0.0,0.0,1,0,0
1184,C3894,2006,0.2,0.0,0.0,1,0,0
1185,C3910,2001,0.0,0.0,0.0,0,0,0
1186,C3910,2002,0.0,0.0,0.0,0,0,0
1187,C3910,2003,0.0,0.0,0.0,0,0,0
1188,C3910,2004,0.64,0.0,0.0,4,0,0
1189,C3910,2005,0.59,0.0,0.0,4,0,0
1190,C3910,2006,0.52,0.0,0.0,4,0,0
1191,C3914,2001,0.0,0.0,0.0,0,0,0
1192,C3914,2002,0.0,0.0,0.0,0,0,0
1193,C3914,2003,0.0,0.0,0.0,0,0,0
1194,C3914,2004,1.04,0.0,0.0,2,0,0
1195,C3914,2005,1.86,0.0,0.0,4,0,0
1196,C3914,2006,1.93,0.0,0.0,5,0,0
1197,C3930,2000,0.17,0.01,0.01,3,3,128135
1198,C3930,2001,0.0,0.0,0.0,0,0,0
1199,C3930,2002,0.0,0.0,0.0,0,0,0
1200,C3930,2003,0.0,0.0,0.0,0,0,0
1201,C3930,2004,0.97,0.0,0.0,17,0,0
1202,C3930,2005,1.12,0.0,0.0,21,0,0
1203,C3930,2006,1.19,0.0,0.0,25,0,0
1204,C3934,1990,5.92,0.88,0.69,3,12,196018
1205,C3934,1992,6.19,0.37,0.21,3,4,51894
1206,C3934,1993,6.28,0.38,0.37,3,4,93406
1207,C3934,1994,12.41,1.75,1.47,6,20,415406
1208,C3934,1995,9.28,1.17,0.79,5,15,273783
1209,C3934,1996,7.44,8.31,5.57,5,134,2571717
1210,C3934,1997,8.76,10.76,6.93,7,198,3994719
1211,C3934,1998,12.16,14.61,7.96,12,273,7019181
1212,C3934,1999,8.53,11.96,8.48,15,337,12465271
1213,C3934,2000,6.24,9.14,6.56,23,489,19879832
1214,C3934,2001,4.78,6.02,5.38,22,296,14747448
1215,C3934,2002,4.48,5.67,4.8,19,214,9665530
1216,C3934,2003,3.79,6.37,5.43,15,213,9367767
1217,C3934,2004,4.31,7.41,5.89,18,255,10871408
1218,C3934,2005,5.15,7.45,8.4,24,286,17849352
1219,C3934,2006,6.89,8.53,8.91,38,374,22893661
1220,C3946,2001,0.0,0.0,0.0,0,0,0
1221,C3946,2002,0.0,0.0,0.0,0,0,0
1222,C3946,2003,0.0,0.0,0.0,0,0,0
1223,C3946,2004,0.75,0.0,0.0,1,0,0
1224,C3946,2005,0.66,0.0,0.0,1,0,0
1225,C3946,2006,0.55,0.0,0.0,1,0,0
1226,C3954,2001,0.0,0.0,0.0,0,0,0
1227,C3954,2002,0.0,0.0,0.0,0,0,0
1228,C3954,2003,0.0,0.0,0.0,0,0,0
1229,C3954,2005,0.6,0.0,0.0,1,0,0
1230,C3954,2006,0.55,0.0,0.0,1,0,0
1231,C3958,2001,0.0,0.0,0.0,0,0,0
1232,C3958,2002,0.0,0.0,0.0,0,0,0
1233,C3958,2003,0.0,0.0,0.0,0,0,0
1234,C3958,2004,1.59,1.1,0.95,16,109,6609817
1235,C3958,2005,1.3,0.0,0.0,14,0,0
1236,C3958,2006,1.34,2.06,1.47,17,257,13776722
1237,C3974,2001,0.0,0.0,0.0,0,0,0
1238,C3974,2002,0.0,0.0,0.0,0,0,0
1239,C3974,2003,0.0,0.0,0.0,0,0,0
1240,C3974,2004,0.0,0.0,0.0,0,0,0
1241,C3974,2006,0.26,0.0,0.0,1,0,0
1242,C3982,2001,0.0,0.0,0.0,0,0,0
1243,C3990,2001,1.57,0.5,0.67,8,33,2993144
1244,C3990,2002,1.48,0.45,0.57,7,23,1906112
1245,C3990,2003,1.32,0.22,0.34,6,10,990965
1246,C3990,2004,1.27,0.13,0.15,6,6,471468
1247,C3990,2005,1.16,0.0,0.0,6,0,0
1248,C3990,2006,1.48,0.14,0.16,9,8,673660
1249,C4006,1998,0.86,0.09,0.15,3,7,677875
1250,C4006,1999,0.86,0.14,0.19,5,16,1392880
1251,C4006,2000,0.59,0.26,0.23,7,55,3347890
1252,C4006,2001,0.0,0.0,0.0,0,0,0
1253,C4006,2002,0.77,0.13,0.06,10,19,649870
1254,C4006,2003,0.94,0.18,0.12,11,23,1075966
1255,C4006,2004,1.04,0.0,0.0,12,0,0
1256,C4006,2005,1.37,0.0,0.0,17,0,0
1257,C4006,2006,1.14,0.0,0.0,16,0,0
1258,C4014,1990,0.65,0.03,0.02,3,3,67005
1259,C4014,1997,0.51,0.2,0.22,3,25,955596
1260,C4014,1998,0.4,0.07,0.04,3,9,234954
1261,C4014,1999,0.46,0.2,0.16,6,38,1704700
1262,C4014,2000,0.28,0.14,0.12,7,50,2668870
1263,C4014,2001,0.0,0.0,0.0,0,0,0
1264,C4014,2002,0.0,0.0,0.0,0,0,0
1265,C4014,2003,0.0,0.0,0.0,0,0,0
1266,C4014,2004,0.27,0.08,0.04,8,20,651520
1267,C4014,2005,0.38,0.07,0.03,12,20,548021
1268,C4014,2006,0.42,0.08,0.03,16,27,621291
1269,C4022,2001,0.0,0.0,0.0,0,0,0
1270,C4022,2003,0.0,0.0,0.0,0,0,0
1271,C4022,2004,0.32,0.0,0.0,1,0,0
1272,C4022,2005,0.0,0.0,0.0,0,0,0
1273,C4022,2006,0.27,0.0,0.0,1,0,0
1274,C4034,2004,0.62,0.0,0.0,1,0,0
1275,C4034,2005,1.12,0.0,0.0,2,0,0
1276,C4034,2006,0.98,0.0,0.0,2,0,0
1277,C4038,1990,1.77,0.15,0.07,4,11,154418
1278,C4038,1991,1.87,0.22,0.13,4,15,263183
1279,C4038,1992,2.06,0.28,0.13,4,15,227274
1280,C4038,1993,2.2,0.24,0.13,4,12,212745
1281,C4038,1994,2.89,0.23,0.13,5,12,224166
1282,C4038,1995,3.26,0.26,0.14,6,14,267173
1283,C4038,1996,2.76,1.39,0.99,6,90,2397515
1284,C4038,2000,0.53,0.87,0.61,5,164,7795534
1285,C4038,2001,0.0,0.0,0.0,0,0,0
1286,C4038,2002,0.0,0.0,0.0,0,0,0
1287,C4038,2003,0.0,0.0,0.0,0,0,0
1288,C4038,2004,0.77,0.0,0.0,7,0,0
1289,C4038,2005,0.94,0.0,0.0,9,0,0
1290,C4038,2006,1.04,2.22,2.04,11,282,18612474
1291,C4042,2003,0.0,0.0,0.0,0,0,0
1292,C4042,2004,0.37,0.0,0.0,1,0,0
1293,C4042,2005,0.69,0.0,0.0,2,0,0
1294,C4042,2006,0.61,0.0,0.0,2,0,0
1295,C4058,2001,0.0,0.0,0.0,0,0,0
1296,C4058,2002,0.0,0.0,0.0,0,0,0
1297,C4058,2003,0.0,0.0,0.0,0,0,0
1298,C4090,1990,0.94,0.06,0.08,4,6,218450
1299,C4090,1991,1.31,1.06,0.61,6,97,1654462
1300,C4090,1992,1.56,1.23,0.83,7,90,1864993
1301,C4090,1993,1.65,1.43,0.91,7,96,1952864
1302,C4090,1994,1.54,1.06,0.7,6,74,1590784
1303,C4090,1995,1.39,0.99,0.63,6,75,1669799
1304,C4090,1996,1.23,0.69,0.44,6,64,1461817
1305,C4090,1997,1.13,0.25,0.2,6,26,854972
1306,C4090,1998,0.89,0.29,0.15,6,30,970753
1307,C4090,1999,0.61,0.25,0.15,7,39,1626066
1308,C4090,2000,0.79,0.47,0.36,17,139,7918814
1309,C4090,2001,0.0,0.0,0.0,0,0,0
1310,C4090,2002,0.51,1.56,1.31,13,348,21316658
1311,C4090,2003,0.5,1.1,0.91,12,220,13023196
1312,C4090,2004,0.62,0.0,0.0,15,0,0
1313,C4090,2005,0.51,0.79,0.58,13,171,9766326
1314,C4090,2006,0.43,0.74,0.51,13,178,9970299
1315,C4106,2001,0.0,0.0,0.0,0,0,0
1316,C4106,2002,0.0,0.0,0.0,0,0,0
1317,C4106,2003,0.0,0.0,0.0,0,0,0
1318,C4106,2004,0.53,0.0,0.0,1,0,0
1319,C4106,2005,0.49,0.0,0.0,1,0,0
1320,C4106,2006,0.42,0.0,0.0,1,0,0
1321,C4110,2001,0.0,0.0,0.0,0,0,0
1322,C4110,2002,0.0,0.0,0.0,0,0,0
1323,C4110,2003,0.0,0.0,0.0,0,0,0
1324,C4110,2004,0.69,0.0,0.0,1,0,0
1325,C4110,2005,0.59,0.0,0.0,1,0,0
1326,C4110,2006,0.48,0.0,0.0,1,0,0
1327,C4118,1990,1.35,0.26,0.22,9,47,1074848
1328,C4118,1991,1.1,0.28,0.23,7,45,1092930
1329,C4118,1992,1.21,0.36,0.3,7,47,1169882
1330,C4118,1993,0.92,0.11,0.09,5,13,345421
1331,C4118,1995,1.28,0.27,0.18,7,37,853629
1332,C4118,1996,0.77,0.14,0.1,5,23,583259
1333,C4118,1999,0.49,0.3,0.17,7,82,2951107
1334,C4118,2000,0.6,0.3,0.21,17,148,7105939
1335,C4118,2001,0.0,0.0,0.0,0,0,0
1336,C4118,2002,0.42,0.31,0.27,13,106,6337942
1337,C4118,2003,0.62,0.32,0.23,17,94,4585320
1338,C4118,2004,0.71,0.0,0.0,19,0,0
1339,C4118,2005,0.71,0.0,0.0,20,0,0
1340,C4118,2006,0.57,0.0,0.0,18,0,0
1341,C4142,2001,0.0,0.0,0.0,0,0,0
1342,C4142,2002,0.0,0.0,0.0,0,0,0
1343,C4142,2003,0.0,0.0,0.0,0,0,0
1344,C4142,2004,1.12,0.0,0.0,4,0,0
1345,C4142,2005,1.28,0.0,0.0,5,0,0
1346,C4142,2006,1.1,0.0,0.0,5,0,0
1347,C4150,2001,0.0,0.0,0.0,0,0,0
1348,C4150,2002,0.0,0.0,0.0,0,0,0
1349,C4150,2003,0.0,0.0,0.0,0,0,0
1350,C4150,2004,0.68,0.0,0.0,3,0,0
1351,C4150,2005,0.89,0.0,0.0,4,0,0
1352,C4150,2006,0.38,0.0,0.0,2,0,0
1353,C4162,2001,0.0,0.0,0.0,0,0,0
1354,C4162,2002,0.0,0.0,0.0,0,0,0
1355,C4162,2003,0.0,0.0,0.0,0,0,0
1356,C4162,2004,2.1,0.0,0.0,29,0,0
1357,C4162,2005,1.97,0.0,0.0,30,0,0
1358,C4162,2006,1.74,0.0,0.0,31,0,0
1359,C4166,2006,0.85,0.0,0.0,1,0,0
1360,C4170,2001,0.0,0.0,0.0,0,0,0
1361,C4170,2002,0.0,0.0,0.0,0,0,0
1362,C4170,2003,0.0,0.0,0.0,0,0,0
1363,C4170,2004,0.96,0.0,0.0,13,0,0
1364,C4170,2005,1.04,0.0,0.0,15,0,0
1365,C4170,2006,1.03,0.0,0.0,17,0,0
1366,C4174,1996,0.91,1.55,1.28,6,208,6076534
1367,C4174,1997,1.27,0.9,0.72,9,137,4390172
1368,C4174,1998,1.23,0.63,0.51,11,98,4772114
1369,C4174,1999,1.11,0.8,0.56,17,189,9004137
1370,C4174,2000,1.29,0.83,0.69,38,367,23334760
1371,C4174,2001,1.42,0.76,0.65,51,311,20135400
1372,C4174,2002,1.27,0.78,0.69,43,253,16582837
1373,C4174,2003,1.32,2.47,2.54,42,717,53039093
1374,C4174,2004,1.26,2.58,2.75,40,742,60934265
1375,C4174,2005,0.99,2.75,2.79,33,853,69026057
1376,C4174,2006,1.02,2.71,2.96,40,922,83686343
1377,C4178,2002,0.0,0.0,0.0,0,0,0
1378,C4178,2003,0.0,0.0,0.0,0,0,0
1379,C4178,2004,1.27,0.0,0.0,1,0,0
1380,C4178,2005,1.22,0.0,0.0,1,0,0
1381,C4178,2006,1.12,0.0,0.0,1,0,0
1382,C4186,1990,0.53,0.4,0.37,6,115,3564309
1383,C4186,1991,1.0,0.51,0.42,12,132,3809919
1384,C4186,1992,1.04,0.86,0.62,12,177,4696985
1385,C4186,1993,1.27,1.08,0.87,14,203,6350162
1386,C4186,1994,1.47,1.0,0.93,15,190,7055585
1387,C4186,1995,1.59,1.18,1.37,18,239,11840216
1388,C4186,1996,2.01,1.66,2.03,26,412,23002048
1389,C4186,1997,2.41,2.75,3.02,34,767,44459487
1390,C4186,1998,2.25,2.98,2.62,40,831,57931245
1391,C4186,1999,2.72,4.69,4.25,82,1968,161340527
1392,C4186,2000,3.03,6.84,5.46,175,5413,458308631
1393,C4186,2001,0.0,0.0,0.0,0,0,0
1394,C4186,2002,0.0,0.0,0.0,0,0,0
1395,C4186,2003,0.0,0.0,0.0,0,0,0
1396,C4186,2004,1.74,0.0,0.0,98,0,0
1397,C4186,2005,1.71,0.0,0.0,99,0,0
1398,C4186,2006,1.85,0.0,0.0,124,0,0
1399,C4194,1991,1.47,0.18,0.16,6,21,743469
1400,C4194,1992,1.56,0.14,0.13,6,13,515992
1401,C4194,1993,1.64,0.11,0.12,6,9,445579
1402,C4194,1994,2.03,0.3,0.38,7,26,1489923
1403,C4194,1995,2.61,0.9,0.86,10,85,4110165
1404,C4194,1996,2.69,1.85,2.07,12,220,13444903
1405,C4194,1997,2.23,3.61,4.44,11,492,38626243
1406,C4194,1998,2.56,5.47,5.68,16,745,74209340
1407,C4194,1999,3.58,6.01,6.28,38,1208,151331509
1408,C4194,2000,3.64,5.24,4.24,73,2040,253545851
1409,C4194,2001,3.18,4.85,4.63,76,1662,205532451
1410,C4194,2002,2.9,2.67,2.28,63,647,64980225
1411,C4194,2003,2.46,1.79,1.29,49,360,30103084
1412,C4194,2004,2.49,2.13,1.48,49,416,36357825
1413,C4194,2005,1.93,2.04,1.5,40,426,41029846
1414,C4194,2006,1.85,2.56,1.92,45,592,61800115
1415,C4198,2001,0.0,0.0,0.0,0,0,0
1416,C4198,2002,0.0,0.0,0.0,0,0,0
1417,C4198,2003,0.0,0.0,0.0,0,0,0
1418,C4198,2004,0.07,0.0,0.0,1,0,0
1419,C4198,2005,0.19,0.0,0.0,3,0,0
1420,C4198,2006,0.27,0.0,0.0,5,0,0
1421,C4202,2001,0.0,0.0,0.0,0,0,0
1422,C4202,2002,0.0,0.0,0.0,0,0,0
1423,C4202,2003,0.0,0.0,0.0,0,0,0
1424,C4202,2004,0.94,0.0,0.0,3,0,0
1425,C4202,2005,0.6,0.0,0.0,2,0,0
1426,C4202,2006,0.52,0.0,0.0,2,0,0
1427,C4206,2001,0.0,0.0,0.0,0,0,0
1428,C4206,2002,2.21,3.47,3.3,12,161,9913299
1429,C4206,2003,0.0,0.0,0.0,0,0,0
1430,C4206,2004,1.66,0.0,0.0,8,0,0
1431,C4206,2005,1.2,0.0,0.0,6,0,0
1432,C4206,2006,1.03,0.0,0.0,6,0,0
1433,C4210,2001,0.0,0.0,0.0,0,0,0
1434,C4210,2002,0.0,0.0,0.0,0,0,0
1435,C4210,2003,0.0,0.0,0.0,0,0,0
1436,C4210,2004,1.3,0.0,0.0,4,0,0
1437,C4210,2005,1.56,0.0,0.0,5,0,0
1438,C4210,2006,1.61,0.0,0.0,6,0,0
1439,C4214,2001,0.0,0.0,0.0,0,0,0
1440,C4214,2002,0.0,0.0,0.0,0,0,0
1441,C4214,2003,0.0,0.0,0.0,0,0,0
1442,C4214,2004,2.07,0.0,0.0,4,0,0
1443,C4214,2005,1.48,0.86,0.38,3,13,348789
1444,C4214,2006,0.87,0.0,0.0,2,0,0
1445,C4222,2001,0.0,0.0,0.0,0,0,0
1446,C4222,2002,0.0,0.0,0.0,0,0,0
1447,C4222,2003,0.47,0.09,0.07,3,4,198814
1448,C4222,2004,0.63,0.26,0.22,4,11,659175
1449,C4222,2005,0.46,0.31,0.31,3,14,1030267
1450,C4222,2006,0.4,0.0,0.0,3,0,0
1451,C4226,2001,0.0,0.0,0.0,0,0,0
1452,C4226,2002,0.0,0.0,0.0,0,0,0
1453,C4226,2003,0.0,0.0,0.0,0,0,0
1454,C4226,2004,1.44,0.0,0.0,11,0,0
1455,C4226,2005,1.84,0.0,0.0,16,0,0
1456,C4226,2006,1.68,0.0,0.0,17,0,0
1457,C4234,2001,0.0,0.0,0.0,0,0,0
1458,C4234,2002,0.9,0.2,0.13,3,7,260381
1459,C4234,2003,0.0,0.0,0.0,0,0,0
1460,C4234,2004,1.0,0.0,0.0,3,0,0
1461,C4234,2005,1.24,0.0,0.0,4,0,0
1462,C4234,2006,0.81,0.0,0.0,3,0,0
1463,C4254,2001,0.0,0.0,0.0,0,0,0
1464,C4254,2002,0.0,0.0,0.0,0,0,0
1465,C4254,2003,0.0,0.0,0.0,0,0,0
1466,C4254,2004,0.57,0.0,0.0,3,0,0
1467,C4254,2005,0.18,0.0,0.0,1,0,0
1468,C4254,2006,0.16,0.0,0.0,1,0,0
1469,C4266,2001,0.0,0.0,0.0,0,0,0
1470,C4266,2002,0.0,0.0,0.0,0,0,0
1471,C4266,2003,2.5,2.37,2.19,116,842,62739771
1472,C4266,2004,2.15,0.0,0.0,89,0,0
1473,C4266,2005,2.19,0.0,0.0,93,0,0
1474,C4266,2006,1.98,4.04,3.75,95,1724,143710453
1475,C4310,2001,0.0,0.0,0.0,0,0,0
1476,C4310,2002,0.0,0.0,0.0,0,0,0
1477,C4310,2003,0.0,0.0,0.0,0,0,0
1478,C4310,2004,1.0,0.0,0.0,1,0,0
1479,C4310,2005,1.88,0.0,0.0,2,0,0
1480,C4310,2006,1.59,0.0,0.0,2,0,0
1481,C4334,2001,0.0,0.0,0.0,0,0,0
1482,C4334,2003,0.0,0.0,0.0,0,0,0
1483,C4334,2004,0.84,0.0,0.0,3,0,0
1484,C4334,2005,0.78,0.42,0.42,3,17,994741
1485,C4334,2006,0.69,0.0,0.0,3,0,0
1486,C4358,2001,0.0,0.0,0.0,0,0,0
1487,C4358,2002,0.0,0.0,0.0,0,0,0
1488,C4358,2003,0.0,0.0,0.0,0,0,0
1489,C4358,2004,0.64,0.0,0.0,1,0,0
1490,C4358,2005,1.23,0.0,0.0,2,0,0
1491,C4362,2001,0.0,0.0,0.0,0,0,0
1492,C4362,2002,0.0,0.0,0.0,0,0,0
1493,C4362,2004,0.0,0.0,0.0,0,0,0
1494,C4362,2005,0.69,0.0,0.0,2,0,0
1495,C4362,2006,0.9,0.0,0.0,3,0,0
1496,C4378,2001,0.0,0.0,0.0,0,0,0
1497,C4378,2002,0.0,0.0,0.0,0,0,0
1498,C4378,2003,0.0,0.0,0.0,0,0,0
1499,C4378,2004,0.79,0.0,0.0,2,0,0
1500,C4378,2005,0.38,0.0,0.0,1,0,0
1501,C4378,2006,0.34,0.0,0.0,1,0,0
1502,C4406,2001,0.0,0.0,0.0,0,0,0
1503,C4406,2002,0.0,0.0,0.0,0,0,0
1504,C4406,2003,0.68,0.25,0.11,4,11,262954
1505,C4406,2004,0.74,0.34,0.19,4,15,476965
1506,C4406,2005,0.72,0.55,0.29,4,26,814635
1507,C4406,2006,0.64,0.68,0.4,4,36,1292927
1508,C4410,2004,0.51,0.0,0.0,1,0,0
1509,C4410,2005,0.48,0.0,0.0,1,0,0
1510,C4410,2006,0.85,0.0,0.0,2,0,0
1511,C4414,1994,3.43,0.29,0.13,4,8,106002
1512,C4414,1995,3.29,0.34,0.15,4,10,136754
1513,C4414,2000,0.87,0.6,0.3,6,64,2047442
1514,C4414,2001,0.0,0.0,0.0,0,0,0
1515,C4414,2002,0.0,0.0,0.0,0,0,0
1516,C4414,2003,0.0,0.0,0.0,0,0,0
1517,C4414,2004,0.93,0.0,0.0,7,0,0
1518,C4414,2005,0.87,0.0,0.0,7,0,0
1519,C4414,2006,0.92,0.0,0.0,8,0,0
1520,C4418,2001,0.0,0.0,0.0,0,0,0
1521,C4418,2002,0.0,0.0,0.0,0,0,0
1522,C4418,2003,0.0,0.0,0.0,0,0,0
1523,C4418,2004,1.0,0.13,0.08,4,5,160542
1524,C4418,2005,1.17,0.18,0.09,5,8,205064
1525,C4418,2006,0.62,0.0,0.0,3,0,0
1526,C4430,2000,3.27,0.96,0.47,4,22,640291
1527,C4430,2001,7.05,1.74,1.02,11,37,1284159
1528,C4430,2002,5.88,1.9,1.71,8,32,1678769
1529,C4430,2003,4.18,1.44,1.6,5,21,1322565
1530,C4430,2004,3.34,1.26,1.94,4,18,1670541
1531,C4430,2005,2.34,0.0,0.0,3,0,0
1532,C4430,2006,2.08,0.0,0.0,3,0,0
1533,C4470,2001,0.0,0.0,0.0,0,0,0
1534,C4470,2002,0.0,0.0,0.0,0,0,0
1535,C4470,2003,0.0,0.0,0.0,0,0,0
1536,C4470,2004,0.34,0.0,0.0,2,0,0
1537,C4470,2005,0.16,0.0,0.0,1,0,0
1538,C4470,2006,0.41,0.0,0.0,3,0,0
1539,C4506,2001,0.0,0.0,0.0,0,0,0
1540,C4506,2002,0.0,0.0,0.0,0,0,0
1541,C4506,2003,0.0,0.0,0.0,0,0,0
1542,C4506,2004,0.66,0.16,0.06,4,11,269306
1543,C4506,2005,0.94,0.0,0.0,6,0,0
1544,C4506,2006,0.84,0.0,0.0,6,0,0
1545,C4522,2001,1.21,0.67,0.42,5,37,1365042
1546,C4522,2002,1.33,0.72,0.51,5,31,1258839
1547,C4522,2003,0.0,0.0,0.0,0,0,0
1548,C4522,2004,1.52,0.0,0.0,5,0,0
1549,C4522,2005,0.84,0.0,0.0,3,0,0
1550,C4522,2006,0.73,0.0,0.0,3,0,0
1551,C4530,1993,0.69,0.04,0.04,3,4,101682
1552,C4530,1994,0.73,0.03,0.04,3,3,98375
1553,C4530,1997,0.82,0.11,0.08,5,17,417721
1554,C4530,1998,0.95,0.3,0.24,7,44,1878621
1555,C4530,1999,1.25,0.52,0.36,15,114,4591781
1556,C4530,2000,1.18,0.75,0.63,29,312,16427963
1557,C4530,2001,0.0,0.0,0.0,0,0,0
1558,C4530,2002,1.12,0.48,0.34,31,144,6246280
1559,C4530,2003,1.01,0.4,0.24,26,105,3784764
1560,C4530,2004,0.87,0.39,0.25,23,104,4254572
1561,C4530,2005,1.16,0.0,0.0,34,0,0
1562,C4530,2006,1.39,0.0,0.0,47,0,0
1563,C4578,2002,0.0,0.0,0.0,0,0,0
1564,C4578,2003,0.0,0.0,0.0,0,0,0
1565,C4578,2004,0.34,0.0,0.0,2,0,0
1566,C4578,2005,0.32,0.0,0.0,2,0,0
1567,C4578,2006,0.44,0.0,0.0,3,0,0
1568,C4582,2001,0.0,0.0,0.0,0,0,0
1569,C4582,2002,0.0,0.0,0.0,0,0,0
1570,C4582,2003,0.0,0.0,0.0,0,0,0
1571,C4582,2005,0.88,0.0,0.0,2,0,0
1572,C4582,2006,0.79,0.0,0.0,2,0,0
1573,C4594,2001,0.0,0.0,0.0,0,0,0
1574,C4594,2002,0.94,0.3,0.23,4,17,1202912
1575,C4594,2003,1.52,0.3,0.22,6,15,967612
1576,C4594,2004,1.53,0.0,0.0,6,0,0
1577,C4594,2005,0.72,0.0,0.0,3,0,0
1578,C4594,2006,0.64,0.0,0.0,3,0,0
1579,C4606,2001,0.0,0.0,0.0,0,0,0
1580,C4606,2002,0.0,0.0,0.0,0,0,0
1581,C4606,2003,0.75,0.13,0.12,5,10,517801
1582,C4606,2004,0.61,0.0,0.0,4,0,0
1583,C4606,2005,0.84,0.0,0.0,6,0,0
1584,C4606,2006,0.71,0.37,0.34,6,35,2210502
1585,C4614,2001,0.0,0.0,0.0,0,0,0
1586,C4614,2002,0.0,0.0,0.0,0,0,0
1587,C4614,2003,0.0,0.0,0.0,0,0,0
1588,C4614,2004,0.58,0.0,0.0,5,0,0
1589,C4614,2005,0.66,0.19,0.19,6,18,1140271
1590,C4614,2006,0.77,0.0,0.0,8,0,0
1591,C4622,2001,0.0,0.0,0.0,0,0,0
1592,C4622,2002,0.0,0.0,0.0,0,0,0
1593,C4622,2003,0.0,0.0,0.0,0,0,0
1594,C4622,2004,0.59,0.0,0.0,1,0,0
1595,C4622,2005,1.1,0.0,0.0,2,0,0
1596,C4622,2006,0.98,0.0,0.0,2,0,0
1597,C4670,2001,1.02,0.29,0.27,4,12,722745
1598,C4670,2002,1.37,0.28,0.29,5,9,610731
1599,C4670,2003,0.0,0.0,0.0,0,0,0
1600,C4670,2004,1.15,0.0,0.0,4,0,0
1601,C4670,2005,0.55,0.0,0.0,2,0,0
1602,C4670,2006,0.24,0.0,0.0,1,0,0
1603,C4694,2001,0.0,0.0,0.0,0,0,0
1604,C4694,2002,0.0,0.0,0.0,0,0,0
1605,C4722,2001,0.0,0.0,0.0,0,0,0
1606,C4722,2002,0.0,0.0,0.0,0,0,0
1607,C4726,2001,0.0,0.0,0.0,0,0,0
1608,C4726,2002,0.74,0.5,0.45,11,92,4879136
1609,C4726,2003,0.82,0.5,0.43,11,82,4062460
1610,C4726,2004,0.83,0.53,0.42,11,87,4133092
1611,C4726,2005,0.83,0.59,0.49,12,104,5402276
1612,C4726,2006,0.79,0.72,0.54,13,137,6759123
1613,C4730,2001,0.0,0.0,0.0,0,0,0
1614,C4730,2002,0.0,0.0,0.0,0,0,0
1615,C4730,2003,0.0,0.0,0.0,0,0,0
1616,C4730,2004,0.32,0.0,0.0,1,0,0
1617,C4730,2005,0.31,0.0,0.0,1,0,0
1618,C4730,2006,0.26,0.0,0.0,1,0,0
1619,C4738,2001,0.0,0.0,0.0,0,0,0
1620,C4738,2002,0.0,0.0,0.0,0,0,0
1621,C4738,2003,0.0,0.0,0.0,0,0,0
1622,C4790,2001,0.0,0.0,0.0,0,0,0
1623,C4790,2002,0.0,0.0,0.0,0,0,0
1624,C4790,2003,0.0,0.0,0.0,0,0,0
1625,C4790,2004,1.85,0.0,0.0,106,0,0
1626,C4790,2005,1.94,0.0,0.0,120,0,0
1627,C4790,2006,1.89,0.0,0.0,133,0,0
1628,C4794,2006,0.0,0.0,0.0,0,0,0
1629,C4814,2001,0.0,0.0,0.0,0,0,0
1630,C4814,2002,0.0,0.0,0.0,0,0,0
1631,C4814,2003,0.0,0.0,0.0,0,0,0
1632,C4862,2001,0.0,0.0,0.0,0,0,0
1633,C4862,2002,0.0,0.0,0.0,0,0,0
1634,C4862,2006,0.16,0.0,0.0,1,0,0
1635,C4866,2003,0.0,0.0,0.0,0,0,0
1636,C4866,2004,1.52,0.0,0.0,2,0,0
1637,C4866,2005,1.46,0.0,0.0,2,0,0
1638,C4866,2006,0.65,0.0,0.0,1,0,0
1639,C4870,2001,0.0,0.0,0.0,0,0,0
1640,C4870,2002,0.0,0.0,0.0,0,0,0
1641,C4870,2003,0.0,0.0,0.0,0,0,0
1642,C4870,2004,1.79,0.0,0.0,2,0,0
1643,C4870,2005,0.87,0.0,0.0,1,0,0
1644,C4870,2006,0.77,0.0,0.0,1,0,0
1645,C4890,2001,0.0,0.0,0.0,0,0,0
1646,C4890,2002,0.0,0.0,0.0,0,0,0
1647,C4890,2003,0.0,0.0,0.0,0,0,0
1648,C4890,2004,0.57,0.0,0.0,2,0,0
1649,C4890,2005,0.26,0.0,0.0,1,0,0
1650,C4890,2006,0.22,0.0,0.0,1,0,0
1651,C4902,2001,0.0,0.0,0.0,0,0,0
1652,C4902,2002,0.0,0.0,0.0,0,0,0
1653,C4902,2003,0.0,0.0,0.0,0,0,0
1654,C4902,2004,2.61,0.0,0.0,3,0,0
1655,C4902,2005,2.42,2.86,3.79,3,37,3018449
1656,C4902,2006,1.44,0.0,0.0,2,0,0
1657,C4918,2001,0.79,0.04,0.03,4,3,139679
1658,C4918,2002,0.0,0.0,0.0,0,0,0
1659,C4918,2003,0.0,0.0,0.0,0,0,0
1660,C4918,2004,0.26,0.0,0.0,1,0,0
1661,C4918,2005,0.24,0.0,0.0,1,0,0
1662,C4918,2006,0.21,0.0,0.0,1,0,0
1663,C4934,1996,1.9,0.57,0.62,3,22,887916
1664,C4934,1998,1.85,0.9,0.63,4,39,1677249
1665,C4934,1999,1.92,0.88,0.52,7,56,2206414
1666,C4934,2000,1.5,0.67,0.4,11,79,3547018
1667,C4934,2001,1.36,1.82,1.56,12,197,12477953
1668,C4934,2002,1.35,2.02,1.65,11,168,9747342
1669,C4934,2003,1.59,1.58,1.22,12,115,6202053
1670,C4934,2004,1.46,1.06,0.78,11,76,4092957
1671,C4934,2005,1.62,1.2,0.92,13,91,5215410
1672,C4934,2006,1.6,1.59,1.36,14,132,8720820
1673,C4942,2002,0.0,0.0,0.0,0,0,0
1674,C4942,2006,0.3,0.0,0.0,1,0,0
1675,C4962,2002,0.0,0.0,0.0,0,0,0
1676,C4962,2003,0.0,0.0,0.0,0,0,0
1677,C4962,2004,0.64,0.0,0.0,2,0,0
1678,C4962,2005,0.6,0.0,0.0,2,0,0
1679,C4962,2006,0.79,0.11,0.11,3,5,336437
1680,C4966,2001,0.0,0.0,0.0,0,0,0
1681,C4966,2002,0.0,0.0,0.0,0,0,0
1682,C4966,2003,0.0,0.0,0.0,0,0,0
1683,C4966,2004,0.19,0.0,0.0,1,0,0
1684,C4966,2005,0.18,0.0,0.0,1,0,0
1685,C4966,2006,0.16,0.0,0.0,1,0,0
1686,C4970,2001,0.0,0.0,0.0,0,0,0
1687,C4970,2002,1.74,0.88,0.47,3,10,290174
1688,C4970,2003,0.0,0.0,0.0,0,0,0
1689,C4970,2004,0.65,0.0,0.0,1,0,0
1690,C4970,2005,0.62,0.0,0.0,1,0,0
1691,C4970,2006,0.54,0.0,0.0,1,0,0
