,area_fips,year,lq_annual_avg_estabs,lq_annual_avg_emplvl,lq_avg_annual_pay,annual_avg_estabs,annual_avg_emplvl,avg_annual_pay,State Name
0,C1018,2006,0.59,0.0,0.0,1,0,0,Texas
1,C1042,2001,0.0,0.0,0.0,0,0,0,Ohio
2,C1042,2002,0.0,0.0,0.0,0,0,0,Ohio
3,C1042,2003,0.0,0.0,0.0,0,0,0,Ohio
4,C1042,2004,0.9,0.0,0.0,6,0,0,Ohio
5,C1042,2005,1.0,0.0,0.0,7,0,0,Ohio
6,C1042,2006,1.15,0.0,0.0,9,0,0,Ohio
7,C1050,2001,0.0,0.0,0.0,0,0,0,Georgia
8,C1050,2002,0.0,0.0,0.0,0,0,0,Georgia
9,C1050,2003,0.0,0.0,0.0,0,0,0,Georgia
10,C1050,2004,0.73,0.0,0.0,1,0,0,Georgia
11,C1050,2005,0.7,0.0,0.0,1,0,0,Georgia
12,C1050,2006,0.62,0.0,0.0,1,0,0,Georgia
13,C1058,2001,0.0,0.0,0.0,0,0,0,New York
14,C1058,2002,0.0,0.0,0.0,0,0,0,New York
15,C1058,2003,0.88,0.82,0.93,7,80,62221,New York
16,C1058,2004,1.01,0.0,0.0,8,0,0,New York
17,C1058,2005,1.07,0.76,0.88,9,77,62770,New York
18,C1058,2006,0.84,0.39,0.74,8,43,55270,New York
19,C1074,2001,0.0,0.0,0.0,0,0,0,New Mexico
20,C1074,2002,0.0,0.0,0.0,0,0,0,New Mexico
21,C1074,2003,0.0,0.0,0.0,0,0,0,New Mexico
22,C1074,2004,0.56,0.0,0.0,4,0,0,New Mexico
23,C1074,2005,0.27,0.0,0.0,2,0,0,New Mexico
24,C1074,2006,0.35,0.0,0.0,3,0,0,New Mexico
25,C1078,2001,0.0,0.0,0.0,0,0,0,Louisiana
26,C1078,2002,0.0,0.0,0.0,0,0,0,Louisiana
27,C1078,2003,0.0,0.0,0.0,0,0,0,Louisiana
28,C1090,1999,0.87,0.31,0.68,3,19,43497,Pennsylvania
29,C1090,1999,0.87,0.31,0.68,3,19,43497,New Jersey
30,C1090,2000,0.72,0.36,0.64,5,41,43492,Pennsylvania
31,C1090,2000,0.72,0.36,0.64,5,41,43492,New Jersey
32,C1090,2001,0.0,0.0,0.0,0,0,0,Pennsylvania
33,C1090,2001,0.0,0.0,0.0,0,0,0,New Jersey
34,C1090,2002,0.0,0.0,0.0,0,0,0,Pennsylvania
35,C1090,2002,0.0,0.0,0.0,0,0,0,New Jersey
36,C1090,2003,0.0,0.0,0.0,0,0,0,Pennsylvania
37,C1090,2003,0.0,0.0,0.0,0,0,0,New Jersey
38,C1090,2004,1.01,0.0,0.0,7,0,0,Pennsylvania
39,C1090,2004,1.01,0.0,0.0,7,0,0,New Jersey
40,C1090,2005,0.68,0.0,0.0,5,0,0,Pennsylvania
41,C1090,2005,0.68,0.0,0.0,5,0,0,New Jersey
42,C1090,2006,0.48,0.26,0.75,4,22,53937,Pennsylvania
43,C1090,2006,0.48,0.26,0.75,4,22,53937,New Jersey
44,C1102,2001,0.0,0.0,0.0,0,0,0,Pennsylvania
45,C1102,2002,0.0,0.0,0.0,0,0,0,Pennsylvania
46,C1102,2003,0.0,0.0,0.0,0,0,0,Pennsylvania
47,C1102,2004,0.82,0.0,0.0,1,0,0,Pennsylvania
48,C1102,2005,0.77,0.0,0.0,1,0,0,Pennsylvania
49,C1102,2006,0.69,0.0,0.0,1,0,0,Pennsylvania
50,C1110,2004,0.0,0.0,0.0,0,0,0,Texas
51,C1110,2005,0.44,0.0,0.0,1,0,0,Texas
52,C1110,2006,0.77,0.0,0.0,2,0,0,Texas
53,C1118,2001,0.0,0.0,0.0,0,0,0,Iowa
54,C1118,2002,0.0,0.0,0.0,0,0,0,Iowa
55,C1118,2003,0.0,0.0,0.0,0,0,0,Iowa
56,C1126,2001,0.73,0.32,0.54,3,16,39425,Alaska
57,C1126,2002,0.0,0.0,0.0,0,0,0,Alaska
58,C1126,2003,0.86,0.42,0.42,3,15,29082,Alaska
59,C1126,2004,0.58,0.0,0.0,2,0,0,Alaska
60,C1126,2005,0.81,0.29,0.64,3,11,48505,Alaska
61,C1126,2006,0.71,0.29,0.66,3,12,51195,Alaska
62,C1130,2001,0.0,0.0,0.0,0,0,0,
63,C1130,2002,0.0,0.0,0.0,0,0,0,
64,C1130,2003,0.0,0.0,0.0,0,0,0,
65,C1130,2004,1.08,0.0,0.0,1,0,0,
66,C1130,2005,1.06,0.0,0.0,1,0,0,
67,C1130,2006,0.96,0.0,0.0,1,0,0,
68,C1134,2001,0.0,0.0,0.0,0,0,0,
69,C1146,2001,0.99,0.18,0.39,4,12,30840,Michigan
70,C1146,2002,1.39,0.19,0.46,5,10,36813,Michigan
71,C1146,2003,2.26,0.49,0.9,7,22,70463,Michigan
72,C1146,2004,1.98,0.0,0.0,6,0,0,Michigan
73,C1146,2005,1.58,0.6,0.98,5,28,81459,Michigan
74,C1146,2006,1.7,0.7,0.93,6,35,79821,Michigan
75,C1150,2003,0.0,0.0,0.0,0,0,0,Alabama
76,C1150,2004,1.05,0.0,0.0,1,0,0,Alabama
77,C1150,2005,1.0,0.0,0.0,1,0,0,Alabama
78,C1150,2006,0.9,0.0,0.0,1,0,0,Alabama
79,C1154,2006,0.4,0.0,0.0,1,0,0,Wisconsin
80,C1170,2001,0.0,0.0,0.0,0,0,0,North Carolina
81,C1170,2002,0.0,0.0,0.0,0,0,0,North Carolina
82,C1170,2003,0.0,0.0,0.0,0,0,0,North Carolina
83,C1170,2004,0.73,0.0,0.0,3,0,0,North Carolina
84,C1170,2005,0.68,0.0,0.0,3,0,0,North Carolina
85,C1170,2006,0.78,0.23,0.35,4,10,20285,North Carolina
86,C1202,2001,0.0,0.0,0.0,0,0,0,Georgia
87,C1202,2002,0.0,0.0,0.0,0,0,0,Georgia
88,C1202,2003,0.0,0.0,0.0,0,0,0,Georgia
89,C1202,2004,1.21,0.0,0.0,2,0,0,Georgia
90,C1202,2005,2.26,0.0,0.0,4,0,0,Georgia
91,C1202,2006,1.5,0.0,0.0,3,0,0,Georgia
92,C1206,1990,1.04,0.55,0.69,9,128,19730,Georgia
93,C1206,1991,1.45,0.62,0.71,12,130,21742,Georgia
94,C1206,1992,1.54,0.87,0.7,12,153,22303,Georgia
95,C1206,1993,1.6,0.96,0.78,12,164,25612,Georgia
96,C1206,1994,1.22,0.6,0.84,9,110,28030,Georgia
97,C1206,1995,1.13,0.37,0.91,9,74,32511,Georgia
98,C1206,1996,0.94,0.29,0.97,9,72,37035,Georgia
99,C1206,1997,1.05,0.53,1.3,12,149,56902,Georgia
100,C1206,1998,1.1,0.71,0.78,15,201,51321,Georgia
101,C1206,1999,1.05,0.71,1.04,25,306,76596,Georgia
102,C1206,2000,0.91,1.02,0.93,43,819,74814,Georgia
103,C1206,2001,0.0,0.0,0.0,0,0,0,Georgia
104,C1206,2002,1.34,1.57,1.04,73,892,79864,Georgia
105,C1206,2003,1.41,1.11,1.02,71,552,76446,Georgia
106,C1206,2004,1.35,1.13,0.98,67,559,76752,Georgia
107,C1206,2005,1.19,1.2,1.01,63,644,81706,Georgia
108,C1206,2006,0.98,0.99,1.08,59,589,90372,Georgia
109,C1210,2001,0.0,0.0,0.0,0,0,0,New Jersey
110,C1210,2002,0.0,0.0,0.0,0,0,0,New Jersey
111,C1210,2003,1.23,0.51,0.94,3,17,57934,New Jersey
112,C1210,2004,1.24,0.0,0.0,3,0,0,New Jersey
113,C1210,2005,1.55,0.0,0.0,4,0,0,New Jersey
114,C1210,2006,1.36,0.0,0.0,4,0,0,New Jersey
115,C1226,2001,0.0,0.0,0.0,0,0,0,Georgia
116,C1226,2001,0.0,0.0,0.0,0,0,0,South Carolina
117,C1226,2002,0.0,0.0,0.0,0,0,0,Georgia
118,C1226,2002,0.0,0.0,0.0,0,0,0,South Carolina
119,C1226,2003,0.0,0.0,0.0,0,0,0,Georgia
120,C1226,2003,0.0,0.0,0.0,0,0,0,South Carolina
121,C1226,2004,0.51,0.0,0.0,2,0,0,Georgia
122,C1226,2004,0.51,0.0,0.0,2,0,0,South Carolina
123,C1226,2005,0.47,0.0,0.0,2,0,0,Georgia
124,C1226,2005,0.47,0.0,0.0,2,0,0,South Carolina
125,C1226,2006,0.21,0.0,0.0,1,0,0,Georgia
126,C1226,2006,0.21,0.0,0.0,1,0,0,South Carolina
127,C1242,1992,1.69,0.17,0.63,3,8,17303,Texas
128,C1242,1996,3.35,0.66,0.63,8,47,22048,Texas
129,C1242,1997,2.75,0.26,1.06,8,21,43399,Texas
130,C1242,1998,2.89,0.41,0.57,10,34,38239,Texas
131,C1242,1999,2.72,0.77,0.61,16,99,46854,Texas
132,C1242,2000,2.13,1.3,0.76,26,320,63590,Texas
133,C1242,2001,0.0,0.0,0.0,0,0,0,Texas
134,C1242,2002,0.0,0.0,0.0,0,0,0,Texas
135,C1242,2003,2.16,1.35,0.85,27,201,61883,Texas
136,C1242,2004,2.13,1.36,1.02,27,202,78252,Texas
137,C1242,2005,1.97,0.84,1.36,27,139,107913,Texas
138,C1242,2006,1.88,0.87,1.29,30,162,106858,Texas
139,C1254,2001,0.0,0.0,0.0,0,0,0,California
140,C1254,2002,0.0,0.0,0.0,0,0,0,California
141,C1254,2003,0.0,0.0,0.0,0,0,0,California
142,C1258,2001,0.0,0.0,0.0,0,0,0,Maryland
143,C1258,2002,0.44,0.03,0.79,12,11,57449,Maryland
144,C1258,2003,0.48,0.06,0.44,12,17,31435,Maryland
145,C1258,2004,0.56,0.12,0.53,14,32,40512,Maryland
146,C1258,2005,0.79,0.0,0.0,21,0,0,Maryland
147,C1258,2006,0.79,0.29,0.69,24,92,57005,Maryland
148,C1262,2006,0.0,0.0,0.0,0,0,0,Maine
149,C1270,1999,2.42,1.09,0.34,4,19,20194,Massachusetts
150,C1270,2000,1.78,0.86,0.5,6,28,30417,Massachusetts
151,C1270,2001,1.73,0.89,0.41,7,27,24904,Massachusetts
152,C1270,2002,1.88,0.83,0.46,7,20,27949,Massachusetts
153,C1270,2003,2.03,0.79,0.55,7,17,32490,Massachusetts
154,C1270,2004,2.05,0.71,0.6,7,15,37592,Massachusetts
155,C1270,2005,2.21,0.94,0.52,8,21,33486,Massachusetts
156,C1270,2006,1.77,0.92,0.55,7,22,36070,Massachusetts
157,C1294,2001,0.68,0.74,0.36,6,83,21830,Louisiana
158,C1294,2002,0.63,0.65,0.44,5,56,25970,Louisiana
159,C1294,2003,0.0,0.0,0.0,0,0,0,Louisiana
160,C1294,2004,0.44,0.4,0.42,3,30,25157,Louisiana
161,C1294,2005,0.54,0.0,0.0,4,0,0,Louisiana
162,C1294,2006,0.58,0.26,0.52,5,24,34904,Louisiana
163,C1298,2002,0.0,0.0,0.0,0,0,0,Michigan
164,C1298,2003,0.0,0.0,0.0,0,0,0,Michigan
165,C1298,2004,0.97,0.0,0.0,1,0,0,Michigan
166,C1298,2005,0.93,0.0,0.0,1,0,0,Michigan
167,C1314,2003,0.0,0.0,0.0,0,0,0,Texas
168,C1314,2004,0.34,0.0,0.0,1,0,0,Texas
169,C1314,2005,0.33,0.0,0.0,1,0,0,Texas
170,C1338,2001,0.0,0.0,0.0,0,0,0,Washington
171,C1338,2002,0.0,0.0,0.0,0,0,0,Washington
172,C1338,2003,0.0,0.0,0.0,0,0,0,Washington
173,C1338,2004,0.85,0.0,0.0,2,0,0,Washington
174,C1338,2005,0.8,0.0,0.0,2,0,0,Washington
175,C1338,2006,1.04,0.0,0.0,3,0,0,Washington
176,C1346,2001,0.0,0.0,0.0,0,0,0,Oregon
177,C1346,2002,0.0,0.0,0.0,0,0,0,Oregon
178,C1346,2003,0.0,0.0,0.0,0,0,0,Oregon
179,C1346,2004,0.48,0.0,0.0,1,0,0,Oregon
180,C1346,2005,0.85,0.0,0.0,2,0,0,Oregon
181,C1346,2006,1.05,0.23,3.17,3,4,191610,Oregon
182,C1374,2001,0.0,0.0,0.0,0,0,0,Montana
183,C1374,2002,0.0,0.0,0.0,0,0,0,Montana
184,C1374,2003,0.0,0.0,0.0,0,0,0,Montana
185,C1374,2004,0.45,0.0,0.0,1,0,0,Montana
186,C1378,2001,0.0,0.0,0.0,0,0,0,New York
187,C1378,2004,0.51,0.0,0.0,1,0,0,New York
188,C1378,2005,0.49,0.0,0.0,1,0,0,New York
189,C1378,2006,0.44,0.0,0.0,1,0,0,New York
190,C1382,2001,0.0,0.0,0.0,0,0,0,Alabama
191,C1382,2002,0.0,0.0,0.0,0,0,0,Alabama
192,C1382,2003,0.0,0.0,0.0,0,0,0,Alabama
193,C1382,2004,0.2,0.0,0.0,2,0,0,Alabama
194,C1382,2005,0.28,0.0,0.0,3,0,0,Alabama
195,C1382,2006,0.5,0.0,0.0,6,0,0,Alabama
196,C1390,2001,0.0,0.0,0.0,0,0,0,North Dakota
197,C1390,2002,0.0,0.0,0.0,0,0,0,North Dakota
198,C1390,2003,0.0,0.0,0.0,0,0,0,North Dakota
199,C1390,2004,2.28,0.0,0.0,3,0,0,North Dakota
200,C1390,2005,1.43,0.0,0.0,2,0,0,North Dakota
201,C1390,2006,1.87,0.0,0.0,3,0,0,North Dakota
202,C1398,2001,0.0,0.0,0.0,0,0,0,Virginia
203,C1398,2002,0.0,0.0,0.0,0,0,0,Virginia
204,C1402,2001,1.69,5.12,0.8,3,121,42765,Indiana
205,C1402,2002,0.0,0.0,0.0,0,0,0,Indiana
206,C1402,2003,0.0,0.0,0.0,0,0,0,Indiana
207,C1402,2005,0.67,0.0,0.0,1,0,0,Indiana
208,C1402,2006,0.6,0.0,0.0,1,0,0,Indiana
209,C1426,2001,0.0,0.0,0.0,0,0,0,Idaho
210,C1426,2002,0.0,0.0,0.0,0,0,0,Idaho
211,C1426,2003,0.0,0.0,0.0,0,0,0,Idaho
212,C1426,2004,0.91,0.0,0.0,6,0,0,Idaho
213,C1426,2005,0.82,0.0,0.0,6,0,0,Idaho
214,C1426,2006,0.81,0.0,0.0,7,0,0,Idaho
215,C1446,1990,1.75,1.19,0.86,22,389,27833,Massachusetts
216,C1446,1990,1.75,1.19,0.86,22,389,27833,New Hampshire
217,C1446,1991,1.69,1.34,0.82,19,380,27798,Massachusetts
218,C1446,1991,1.69,1.34,0.82,19,380,27798,New Hampshire
219,C1446,1992,2.17,1.22,0.96,21,278,34078,Massachusetts
220,C1446,1992,2.17,1.22,0.96,21,278,34078,New Hampshire
221,C1446,1993,2.67,1.36,0.91,24,289,34542,Massachusetts
222,C1446,1993,2.67,1.36,0.91,24,289,34542,New Hampshire
223,C1446,1994,2.62,1.46,0.92,23,324,35243,Massachusetts
224,C1446,1994,2.62,1.46,0.92,23,324,35243,New Hampshire
225,C1446,1995,3.08,1.66,0.86,29,396,35359,Massachusetts
226,C1446,1995,3.08,1.66,0.86,29,396,35359,New Hampshire
227,C1446,1996,4.04,1.93,0.82,45,558,36340,Massachusetts
228,C1446,1996,4.04,1.93,0.82,45,558,36340,New Hampshire
229,C1446,1997,3.87,2.55,0.81,50,828,40587,Massachusetts
230,C1446,1997,3.87,2.55,0.81,50,828,40587,New Hampshire
231,C1446,1998,4.35,3.23,0.62,67,1034,46959,Massachusetts
232,C1446,1998,4.35,3.23,0.62,67,1034,46959,New Hampshire
233,C1446,1999,4.41,3.62,0.72,114,1727,61300,Massachusetts
234,C1446,1999,4.41,3.62,0.72,114,1727,61300,New Hampshire
235,C1446,2000,3.88,4.18,0.71,203,3736,69912,Massachusetts
236,C1446,2000,3.88,4.18,0.71,203,3736,69912,New Hampshire
237,C1446,2001,0.0,0.0,0.0,0,0,0,Massachusetts
238,C1446,2001,0.0,0.0,0.0,0,0,0,New Hampshire
239,C1446,2002,3.47,4.66,0.83,198,2893,75511,Massachusetts
240,C1446,2002,3.47,4.66,0.83,198,2893,75511,New Hampshire
241,C1446,2003,0.0,0.0,0.0,0,0,0,Massachusetts
242,C1446,2003,0.0,0.0,0.0,0,0,0,New Hampshire
243,C1446,2004,3.65,0.0,0.0,189,0,0,Massachusetts
244,C1446,2004,3.65,0.0,0.0,189,0,0,New Hampshire
245,C1446,2005,3.16,0.0,0.0,173,0,0,Massachusetts
246,C1446,2005,3.16,0.0,0.0,173,0,0,New Hampshire
247,C1446,2006,2.84,0.0,0.0,168,0,0,Massachusetts
248,C1446,2006,2.84,0.0,0.0,168,0,0,New Hampshire
249,C1450,2001,2.7,1.03,1.25,16,64,110088,Colorado
250,C1450,2002,3.0,1.34,0.93,15,55,77177,Colorado
251,C1450,2003,0.0,0.0,0.0,0,0,0,Colorado
252,C1450,2004,4.59,0.0,0.0,20,0,0,Colorado
253,C1450,2005,5.09,1.76,0.75,24,65,67085,Colorado
254,C1450,2006,5.2,0.0,0.0,28,0,0,Colorado
255,C1454,2006,0.73,0.0,0.0,1,0,0,Kentucky
256,C1474,2001,0.0,0.0,0.0,0,0,0,Washington
257,C1474,2002,1.83,0.45,1.76,5,9,111601,Washington
258,C1474,2003,2.44,0.5,1.57,6,9,96768,Washington
259,C1474,2004,2.22,0.33,2.21,5,6,142955,Washington
260,C1474,2005,2.92,0.0,0.0,7,0,0,Washington
261,C1474,2006,3.65,2.42,0.92,10,53,63256,Washington
262,C1486,1990,1.87,5.6,1.09,6,349,42886,Connecticut
263,C1486,1991,2.7,6.9,1.02,8,373,42612,Connecticut
264,C1486,1992,2.98,9.56,1.02,8,414,45364,Connecticut
265,C1486,1993,3.63,11.67,1.08,9,471,49994,Connecticut
266,C1486,1994,4.21,7.3,0.93,10,302,43701,Connecticut
267,C1486,1995,4.44,5.62,0.87,11,247,45013,Connecticut
268,C1486,1996,3.81,6.28,0.87,11,332,49094,Connecticut
269,C1486,1997,3.62,5.9,0.76,12,351,49932,Connecticut
270,C1486,1998,3.12,6.27,0.73,12,368,72452,Connecticut
271,C1486,1999,3.12,5.59,0.67,20,482,74593,Connecticut
272,C1486,2000,2.72,4.71,0.58,35,747,72006,Connecticut
273,C1486,2001,2.12,5.36,0.6,32,759,75090,Connecticut
274,C1486,2002,2.15,5.26,0.63,29,576,72539,Connecticut
275,C1486,2003,1.9,4.44,0.63,23,423,70195,Connecticut
276,C1486,2004,1.97,4.44,0.82,23,412,100571,Connecticut
277,C1486,2005,1.95,3.51,0.66,24,347,85466,Connecticut
278,C1486,2006,1.58,3.17,0.63,22,343,86258,Connecticut
279,C1518,2005,0.0,0.0,0.0,0,0,0,Texas
280,C1518,2006,0.37,0.0,0.0,1,0,0,Texas
281,C1526,2001,0.0,0.0,0.0,0,0,0,Georgia
282,C1526,2002,0.0,0.0,0.0,0,0,0,Georgia
283,C1526,2005,0.82,0.0,0.0,1,0,0,Georgia
284,C1526,2006,0.71,0.0,0.0,1,0,0,Georgia
285,C1538,1997,1.01,0.08,0.56,3,6,20879,New York
286,C1538,1998,0.89,0.07,0.41,3,5,22528,New York
287,C1538,2000,0.63,0.13,0.26,7,25,16701,New York
288,C1538,2001,0.0,0.0,0.0,0,0,0,New York
289,C1538,2002,0.42,0.14,0.5,5,20,30542,New York
290,C1538,2003,0.38,0.16,0.56,4,19,33545,New York
291,C1538,2004,0.49,0.15,0.6,5,18,38309,New York
292,C1538,2005,0.37,0.07,0.41,4,9,26155,New York
293,C1538,2006,0.42,0.1,0.34,5,13,23144,New York
294,C1550,2005,9.31,0.0,0.0,12,0,0,North Carolina
295,C1550,2006,2.07,0.0,0.0,3,0,0,North Carolina
296,C1554,2001,0.0,0.0,0.0,0,0,0,Vermont
297,C1554,2002,0.0,0.0,0.0,0,0,0,Vermont
298,C1554,2003,0.0,0.0,0.0,0,0,0,Vermont
299,C1554,2004,0.38,0.0,0.0,1,0,0,Vermont
300,C1554,2005,1.09,0.15,0.67,3,4,47350,Vermont
301,C1554,2006,1.29,0.35,0.69,4,10,50574,Vermont
302,C1594,2004,0.28,0.0,0.0,1,0,0,Ohio
303,C1594,2005,0.27,0.0,0.0,1,0,0,Ohio
304,C1598,2001,0.67,1.11,0.88,4,64,51419,Florida
305,C1598,2002,1.05,1.7,0.87,6,79,49412,Florida
306,C1598,2003,0.0,0.0,0.0,0,0,0,Florida
307,C1598,2004,0.7,0.94,0.92,4,42,56627,Florida
308,C1598,2005,0.3,0.0,0.0,2,0,0,Florida
309,C1598,2006,0.38,0.0,0.0,3,0,0,Florida
310,C1618,2006,0.95,0.0,0.0,1,0,0,Nevada
311,C1630,2001,0.0,0.0,0.0,0,0,0,Iowa
312,C1630,2002,0.0,0.0,0.0,0,0,0,Iowa
313,C1630,2003,0.0,0.0,0.0,0,0,0,Iowa
314,C1630,2004,0.37,0.0,0.0,1,0,0,Iowa
315,C1630,2005,0.36,0.0,0.0,1,0,0,Iowa
316,C1630,2006,0.63,0.0,0.0,2,0,0,Iowa
317,C1658,2001,0.0,0.0,0.0,0,0,0,Illinois
318,C1658,2002,0.0,0.0,0.0,0,0,0,Illinois
319,C1658,2003,0.0,0.0,0.0,0,0,0,Illinois
320,C1658,2004,1.16,0.0,0.0,2,0,0,Illinois
321,C1658,2005,0.54,0.0,0.0,1,0,0,Illinois
322,C1658,2006,0.48,0.0,0.0,1,0,0,Illinois
323,C1670,2001,0.0,0.0,0.0,0,0,0,South Carolina
324,C1670,2002,0.0,0.0,0.0,0,0,0,South Carolina
325,C1670,2003,0.0,0.0,0.0,0,0,0,South Carolina
326,C1670,2004,0.69,0.0,0.0,4,0,0,South Carolina
327,C1670,2005,0.93,0.33,0.53,6,21,32610,South Carolina
328,C1670,2006,0.76,0.0,0.0,6,0,0,South Carolina
329,C1674,2000,0.59,0.11,1.05,10,31,78235,North Carolina
330,C1674,2000,0.59,0.11,1.05,10,31,78235,South Carolina
331,C1674,2001,0.0,0.0,0.0,0,0,0,North Carolina
332,C1674,2001,0.0,0.0,0.0,0,0,0,South Carolina
333,C1674,2002,1.05,0.46,0.46,20,91,33938,North Carolina
334,C1674,2002,1.05,0.46,0.46,20,91,33938,South Carolina
335,C1674,2003,0.74,0.49,0.69,12,84,49350,North Carolina
336,C1674,2003,0.74,0.49,0.69,12,84,49350,South Carolina
337,C1674,2004,0.75,0.0,0.0,12,0,0,North Carolina
338,C1674,2004,0.75,0.0,0.0,12,0,0,South Carolina
339,C1674,2005,0.53,1.01,0.53,9,189,42419,North Carolina
340,C1674,2005,0.53,1.01,0.53,9,189,42419,South Carolina
341,C1674,2006,0.65,0.79,1.13,13,166,93775,North Carolina
342,C1674,2006,0.65,0.79,1.13,13,166,93775,South Carolina
343,C1682,1999,3.87,1.51,0.94,4,26,53973,Virginia
344,C1682,2000,3.32,3.88,0.76,7,125,47296,Virginia
345,C1682,2001,0.0,0.0,0.0,0,0,0,Virginia
346,C1682,2002,4.27,5.15,0.59,10,119,36597,Virginia
347,C1682,2003,3.75,7.08,0.63,8,143,38532,Virginia
348,C1682,2004,2.82,1.83,0.84,6,37,54466,Virginia
349,C1682,2005,1.73,0.0,0.0,4,0,0,Virginia
350,C1682,2006,0.78,0.0,0.0,2,0,0,Virginia
351,C1686,2001,0.0,0.0,0.0,0,0,0,Georgia
352,C1686,2001,0.0,0.0,0.0,0,0,0,Tennessee
353,C1686,2002,0.0,0.0,0.0,0,0,0,Georgia
354,C1686,2002,0.0,0.0,0.0,0,0,0,Tennessee
355,C1686,2003,0.0,0.0,0.0,0,0,0,Georgia
356,C1686,2003,0.0,0.0,0.0,0,0,0,Tennessee
357,C1686,2004,0.5,0.0,0.0,2,0,0,Georgia
358,C1686,2004,0.5,0.0,0.0,2,0,0,Tennessee
359,C1686,2005,0.24,0.0,0.0,1,0,0,Georgia
360,C1686,2005,0.24,0.0,0.0,1,0,0,Tennessee
361,C1686,2006,0.21,0.0,0.0,1,0,0,Georgia
362,C1686,2006,0.21,0.0,0.0,1,0,0,Tennessee
363,C1694,2001,0.0,0.0,0.0,0,0,0,Wyoming
364,C1694,2002,0.0,0.0,0.0,0,0,0,Wyoming
365,C1694,2003,0.0,0.0,0.0,0,0,0,Wyoming
366,C1694,2006,1.51,0.0,0.0,2,0,0,Wyoming
367,C1698,2001,0.0,0.0,0.0,0,0,0,Illinois
368,C1698,2001,0.0,0.0,0.0,0,0,0,Indiana
369,C1698,2001,0.0,0.0,0.0,0,0,0,Wisconsin
370,C1698,2002,0.0,0.0,0.0,0,0,0,Illinois
371,C1698,2002,0.0,0.0,0.0,0,0,0,Indiana
372,C1698,2002,0.0,0.0,0.0,0,0,0,Wisconsin
373,C1698,2003,0.0,0.0,0.0,0,0,0,Illinois
374,C1698,2003,0.0,0.0,0.0,0,0,0,Indiana
375,C1698,2003,0.0,0.0,0.0,0,0,0,Wisconsin
376,C1698,2004,0.72,0.0,0.0,61,0,0,Illinois
377,C1698,2004,0.72,0.0,0.0,61,0,0,Indiana
378,C1698,2004,0.72,0.0,0.0,61,0,0,Wisconsin
379,C1698,2005,0.81,0.0,0.0,74,0,0,Illinois
380,C1698,2005,0.81,0.0,0.0,74,0,0,Indiana
381,C1698,2005,0.81,0.0,0.0,74,0,0,Wisconsin
382,C1698,2006,0.88,1.34,0.8,92,1504,70721,Illinois
383,C1698,2006,0.88,1.34,0.8,92,1504,70721,Indiana
384,C1698,2006,0.88,1.34,0.8,92,1504,70721,Wisconsin
385,C1702,2003,0.0,0.0,0.0,0,0,0,California
386,C1702,2004,0.37,0.0,0.0,1,0,0,California
387,C1714,1992,0.8,0.89,1.26,3,85,36390,Kentucky
388,C1714,1992,0.8,0.89,1.26,3,85,36390,Ohio
389,C1714,1992,0.8,0.89,1.26,3,85,36390,Indiana
390,C1714,1997,0.61,0.04,2.28,3,5,91051,Kentucky
391,C1714,1997,0.61,0.04,2.28,3,5,91051,Ohio
392,C1714,1997,0.61,0.04,2.28,3,5,91051,Indiana
393,C1714,1998,1.04,0.1,0.98,6,14,58841,Kentucky
394,C1714,1998,1.04,0.1,0.98,6,14,58841,Ohio
395,C1714,1998,1.04,0.1,0.98,6,14,58841,Indiana
396,C1714,1999,1.34,0.18,0.9,13,36,59494,Kentucky
397,C1714,1999,1.34,0.18,0.9,13,36,59494,Ohio
398,C1714,1999,1.34,0.18,0.9,13,36,59494,Indiana
399,C1714,2000,0.82,0.24,0.84,16,89,59176,Kentucky
400,C1714,2000,0.82,0.24,0.84,16,89,59176,Ohio
401,C1714,2000,0.82,0.24,0.84,16,89,59176,Indiana
402,C1714,2001,0.0,0.0,0.0,0,0,0,Kentucky
403,C1714,2001,0.0,0.0,0.0,0,0,0,Ohio
404,C1714,2001,0.0,0.0,0.0,0,0,0,Indiana
405,C1714,2002,0.0,0.0,0.0,0,0,0,Kentucky
406,C1714,2002,0.0,0.0,0.0,0,0,0,Ohio
407,C1714,2002,0.0,0.0,0.0,0,0,0,Indiana
408,C1714,2003,0.84,0.43,0.76,16,98,50805,Kentucky
409,C1714,2003,0.84,0.43,0.76,16,98,50805,Ohio
410,C1714,2003,0.84,0.43,0.76,16,98,50805,Indiana
411,C1714,2004,0.76,0.24,0.7,14,53,50017,Kentucky
412,C1714,2004,0.76,0.24,0.7,14,53,50017,Ohio
413,C1714,2004,0.76,0.24,0.7,14,53,50017,Indiana
414,C1714,2005,0.83,0.26,0.58,16,63,42893,Kentucky
415,C1714,2005,0.83,0.26,0.58,16,63,42893,Ohio
416,C1714,2005,0.83,0.26,0.58,16,63,42893,Indiana
417,C1714,2006,0.69,0.25,0.72,15,64,54034,Kentucky
418,C1714,2006,0.69,0.25,0.72,15,64,54034,Ohio
419,C1714,2006,0.69,0.25,0.72,15,64,54034,Indiana
420,C1730,2004,0.66,0.0,0.0,1,0,0,Tennessee
421,C1730,2004,0.66,0.0,0.0,1,0,0,Kentucky
422,C1742,2003,0.0,0.0,0.0,0,0,0,Tennessee
423,C1742,2004,0.0,0.0,0.0,0,0,0,Tennessee
424,C1746,2001,0.0,0.0,0.0,0,0,0,Ohio
425,C1746,2002,0.65,0.64,0.58,16,177,39619,Ohio
426,C1746,2003,0.0,0.0,0.0,0,0,0,Ohio
427,C1746,2004,0.93,0.76,0.57,20,180,40670,Ohio
428,C1746,2005,0.76,0.59,0.63,17,149,45542,Ohio
429,C1746,2006,0.68,0.56,0.67,17,153,50445,Ohio
430,C1766,2001,0.0,0.0,0.0,0,0,0,Idaho
431,C1766,2002,0.0,0.0,0.0,0,0,0,Idaho
432,C1766,2003,0.0,0.0,0.0,0,0,0,Idaho
433,C1766,2005,0.54,0.0,0.0,1,0,0,Idaho
434,C1766,2006,0.46,0.0,0.0,1,0,0,Idaho
435,C1778,2001,1.61,0.11,0.27,3,3,13894,Texas
436,C1778,2002,0.0,0.0,0.0,0,0,0,Texas
437,C1778,2003,0.0,0.0,0.0,0,0,0,Texas
438,C1778,2004,0.65,0.0,0.0,1,0,0,Texas
439,C1778,2005,0.61,0.0,0.0,1,0,0,Texas
440,C1778,2006,0.53,0.0,0.0,1,0,0,Texas
441,C1782,2001,0.0,0.0,0.0,0,0,0,Colorado
442,C1782,2002,0.0,0.0,0.0,0,0,0,Colorado
443,C1782,2003,0.81,0.25,0.63,5,14,39661,Colorado
444,C1782,2004,1.29,0.0,0.0,8,0,0,Colorado
445,C1782,2005,2.38,0.0,0.0,16,0,0,Colorado
446,C1782,2006,2.69,0.0,0.0,21,0,0,Colorado
447,C1786,2001,0.0,0.0,0.0,0,0,0,Missouri
448,C1786,2002,0.0,0.0,0.0,0,0,0,Missouri
449,C1786,2003,0.0,0.0,0.0,0,0,0,Missouri
450,C1786,2004,1.79,0.89,1.16,3,16,63973,Missouri
451,C1786,2005,1.12,0.0,0.0,2,0,0,Missouri
452,C1786,2006,0.49,0.0,0.0,1,0,0,Missouri
453,C1790,2001,0.0,0.0,0.0,0,0,0,South Carolina
454,C1790,2002,0.77,0.19,0.85,6,16,48596,South Carolina
455,C1790,2003,0.0,0.0,0.0,0,0,0,South Carolina
456,C1790,2004,0.32,0.0,0.0,2,0,0,South Carolina
457,C1790,2005,0.29,0.0,0.0,2,0,0,South Carolina
458,C1790,2006,0.61,0.0,0.0,5,0,0,South Carolina
459,C1798,2001,0.0,0.0,0.0,0,0,0,Alabama
460,C1798,2001,0.0,0.0,0.0,0,0,0,Georgia
461,C1798,2002,0.0,0.0,0.0,0,0,0,Alabama
462,C1798,2002,0.0,0.0,0.0,0,0,0,Georgia
463,C1798,2003,0.0,0.0,0.0,0,0,0,Alabama
464,C1798,2003,0.0,0.0,0.0,0,0,0,Georgia
465,C1798,2004,0.44,0.0,0.0,1,0,0,Alabama
466,C1798,2004,0.44,0.0,0.0,1,0,0,Georgia
467,C1798,2005,0.41,0.0,0.0,1,0,0,Alabama
468,C1798,2005,0.41,0.0,0.0,1,0,0,Georgia
469,C1798,2006,0.37,0.0,0.0,1,0,0,Alabama
470,C1798,2006,0.37,0.0,0.0,1,0,0,Georgia
471,C1814,2001,0.0,0.0,0.0,0,0,0,Ohio
472,C1814,2002,0.0,0.0,0.0,0,0,0,Ohio
473,C1814,2003,1.08,0.42,0.73,17,86,48418,Ohio
474,C1814,2004,0.98,0.41,0.71,15,82,49905,Ohio
475,C1814,2005,0.93,0.36,0.62,15,78,44848,Ohio
476,C1814,2006,0.83,0.32,0.68,15,74,51128,Ohio
477,C1858,2001,0.0,0.0,0.0,0,0,0,Texas
478,C1858,2002,0.0,0.0,0.0,0,0,0,Texas
479,C1858,2003,0.0,0.0,0.0,0,0,0,Texas
480,C1858,2004,0.56,0.0,0.0,2,0,0,Texas
481,C1858,2005,1.06,0.0,0.0,4,0,0,Texas
482,C1858,2006,0.72,0.0,0.0,3,0,0,Texas
483,C1870,2001,0.0,0.0,0.0,0,0,0,Oregon
484,C1870,2002,0.0,0.0,0.0,0,0,0,Oregon
485,C1870,2003,0.0,0.0,0.0,0,0,0,Oregon
486,C1870,2004,2.54,0.0,0.0,2,0,0,Oregon
487,C1870,2005,3.49,0.48,0.26,3,4,18481,Oregon
488,C1870,2006,3.03,0.0,0.0,3,0,0,Oregon
489,C1910,1990,1.3,4.61,1.11,12,1389,32182,Texas
490,C1910,1991,1.06,3.94,1.15,10,1087,34885,Texas
491,C1910,1992,1.04,5.15,1.22,9,1164,38471,Texas
492,C1910,1993,0.95,5.08,1.26,8,1084,41981,Texas
493,C1910,1994,1.23,4.33,1.06,10,972,36131,Texas
494,C1910,1995,1.24,1.75,0.9,11,428,32656,Texas
495,C1910,1996,0.95,0.59,0.75,10,179,29363,Texas
496,C1910,1997,0.95,0.55,0.72,12,190,31964,Texas
497,C1910,1998,1.14,0.58,0.51,17,205,34598,Texas
498,C1910,1999,1.04,0.47,0.62,26,251,45989,Texas
499,C1910,2000,1.16,0.81,0.68,59,813,55625,Texas
500,C1910,2001,0.0,0.0,0.0,0,0,0,Texas
501,C1910,2002,0.0,0.0,0.0,0,0,0,Texas
502,C1910,2003,0.0,0.0,0.0,0,0,0,Texas
503,C1910,2004,1.32,0.75,0.86,66,449,68907,Texas
504,C1910,2005,1.21,0.97,0.9,64,633,74450,Texas
505,C1910,2006,1.1,0.92,0.89,66,665,76647,Texas
506,C1934,2001,0.0,0.0,0.0,0,0,0,Illinois
507,C1934,2001,0.0,0.0,0.0,0,0,0,Iowa
508,C1934,2002,0.0,0.0,0.0,0,0,0,Illinois
509,C1934,2002,0.0,0.0,0.0,0,0,0,Iowa
510,C1934,2003,0.0,0.0,0.0,0,0,0,Illinois
511,C1934,2003,0.0,0.0,0.0,0,0,0,Iowa
512,C1934,2004,0.83,0.0,0.0,3,0,0,Illinois
513,C1934,2004,0.83,0.0,0.0,3,0,0,Iowa
514,C1934,2005,0.52,0.0,0.0,2,0,0,Illinois
515,C1934,2005,0.52,0.0,0.0,2,0,0,Iowa
516,C1934,2006,1.16,0.0,0.0,5,0,0,Illinois
517,C1934,2006,1.16,0.0,0.0,5,0,0,Iowa
518,C1938,2001,0.0,0.0,0.0,0,0,0,
519,C1938,2002,0.0,0.0,0.0,0,0,0,
520,C1938,2003,0.0,0.0,0.0,0,0,0,
521,C1938,2004,0.71,0.0,0.0,5,0,0,
522,C1938,2005,0.68,0.0,0.0,5,0,0,
523,C1938,2006,0.49,0.0,0.0,4,0,0,
524,C1946,2006,0.71,0.0,0.0,1,0,0,Alabama
525,C1966,2001,1.01,0.52,1.24,5,25,63964,Florida
526,C1966,2002,0.0,0.0,0.0,0,0,0,Florida
527,C1966,2003,1.16,1.82,0.6,5,63,29928,Florida
528,C1966,2004,0.89,2.43,0.59,4,85,31484,Florida
529,C1966,2005,1.19,0.95,0.61,6,37,33160,Florida
530,C1966,2006,1.02,0.35,0.51,6,15,29044,Florida
531,C1974,1990,2.77,2.63,0.84,15,335,24833,Colorado
532,C1974,1991,2.75,2.44,0.97,14,289,29729,Colorado
533,C1974,1992,2.74,2.56,1.31,13,254,41073,Colorado
534,C1974,1993,2.21,2.67,1.2,10,252,40213,Colorado
535,C1974,1994,2.47,2.37,1.42,11,236,48052,Colorado
536,C1974,1995,2.5,2.53,1.39,12,274,49835,Colorado
537,C1974,1996,2.4,2.71,1.25,14,358,48629,Colorado
538,C1974,1997,2.32,2.91,1.3,16,439,57486,Colorado
539,C1974,1998,2.34,3.81,0.82,19,579,55286,Colorado
540,C1974,1999,1.86,3.37,0.76,26,775,57351,Colorado
541,C1974,2000,1.57,2.26,0.76,46,986,63480,Colorado
542,C1974,2001,0.0,0.0,0.0,0,0,0,Colorado
543,C1974,2002,1.54,2.79,0.86,51,858,67894,Colorado
544,C1974,2003,1.65,3.21,0.9,50,848,69254,Colorado
545,C1974,2004,1.74,3.11,0.91,52,811,73988,Colorado
546,C1974,2005,2.14,3.11,0.89,69,876,74331,Colorado
547,C1974,2006,2.85,2.85,0.86,105,886,75708,Colorado
548,C1978,1998,3.05,2.61,0.54,6,103,31195,Iowa
549,C1978,1999,2.34,0.87,0.68,8,51,43317,Iowa
550,C1978,2000,1.88,1.22,0.69,13,131,46271,Iowa
551,C1978,2001,2.32,1.85,0.81,18,182,54681,Iowa
552,C1978,2002,2.48,1.51,0.8,17,115,53229,Iowa
553,C1978,2003,0.0,0.0,0.0,0,0,0,Iowa
554,C1978,2004,1.75,0.0,0.0,11,0,0,Iowa
555,C1978,2005,1.36,0.0,0.0,9,0,0,Iowa
556,C1978,2006,1.07,0.87,1.01,8,70,75721,Iowa
557,C1982,2001,0.0,0.0,0.0,0,0,0,Michigan
558,C1982,2002,0.0,0.0,0.0,0,0,0,Michigan
559,C1982,2003,0.0,0.0,0.0,0,0,0,Michigan
560,C1982,2004,0.57,0.0,0.0,22,0,0,Michigan
561,C1982,2005,0.51,0.0,0.0,20,0,0,Michigan
562,C1982,2006,0.39,0.25,0.65,17,123,56210,Michigan
563,C2002,2005,0.66,0.0,0.0,1,0,0,Alabama
564,C2002,2006,0.6,0.0,0.0,1,0,0,Alabama
565,C2010,2005,0.0,0.0,0.0,0,0,0,Delaware
566,C2010,2006,0.65,0.0,0.0,1,0,0,Delaware
567,C2022,2001,0.0,0.0,0.0,0,0,0,Iowa
568,C2022,2003,0.0,0.0,0.0,0,0,0,Iowa
569,C2022,2004,0.94,0.0,0.0,1,0,0,Iowa
570,C2022,2005,0.89,0.0,0.0,1,0,0,Iowa
571,C2022,2006,0.79,0.0,0.0,1,0,0,Iowa
572,C2026,2001,0.0,0.0,0.0,0,0,0,Wisconsin
573,C2026,2001,0.0,0.0,0.0,0,0,0,Minnesota
574,C2050,2001,0.0,0.0,0.0,0,0,0,North Carolina
575,C2050,2002,0.0,0.0,0.0,0,0,0,North Carolina
576,C2050,2003,0.0,0.0,0.0,0,0,0,North Carolina
577,C2050,2004,0.95,0.0,0.0,4,0,0,North Carolina
578,C2050,2005,1.34,0.0,0.0,6,0,0,North Carolina
579,C2050,2006,1.75,0.0,0.0,9,0,0,North Carolina
580,C2106,2001,0.0,0.0,0.0,0,0,0,Kentucky
581,C2106,2002,0.0,0.0,0.0,0,0,0,Kentucky
582,C2106,2003,0.0,0.0,0.0,0,0,0,Kentucky
583,C2106,2004,1.1,0.0,0.0,1,0,0,Kentucky
584,C2106,2005,1.03,0.0,0.0,1,0,0,Kentucky
585,C2106,2006,0.89,0.0,0.0,1,0,0,Kentucky
586,C2114,2001,0.0,0.0,0.0,0,0,0,Indiana
587,C2114,2002,0.0,0.0,0.0,0,0,0,Indiana
588,C2114,2003,0.0,0.0,0.0,0,0,0,Indiana
589,C2114,2004,0.56,0.0,0.0,1,0,0,Indiana
590,C2114,2005,0.54,0.0,0.0,1,0,0,Indiana
591,C2114,2006,0.49,0.0,0.0,1,0,0,Indiana
592,C2130,2001,0.0,0.0,0.0,0,0,0,New York
593,C2130,2002,0.0,0.0,0.0,0,0,0,New York
594,C2134,2006,0.18,0.0,0.0,1,0,0,Texas
595,C2150,2001,0.0,0.0,0.0,0,0,0,Pennsylvania
596,C2150,2002,0.0,0.0,0.0,0,0,0,Pennsylvania
597,C2150,2003,0.0,0.0,0.0,0,0,0,Pennsylvania
598,C2150,2005,0.0,0.0,0.0,0,0,0,Pennsylvania
599,C2150,2006,0.33,0.0,0.0,1,0,0,Pennsylvania
600,C2166,2001,1.07,0.15,0.51,5,7,29033,Oregon
601,C2166,2002,0.0,0.0,0.0,0,0,0,Oregon
602,C2166,2003,1.81,0.38,0.88,7,12,47636,Oregon
603,C2166,2004,1.88,0.38,0.74,7,12,41891,Oregon
604,C2166,2005,1.0,0.32,0.56,4,11,32727,Oregon
605,C2166,2006,1.09,0.36,0.52,5,14,31390,Oregon
606,C2178,2001,0.0,0.0,0.0,0,0,0,Indiana
607,C2178,2001,0.0,0.0,0.0,0,0,0,Kentucky
608,C2202,2006,0.33,0.0,0.0,1,0,0,Minnesota
609,C2202,2006,0.33,0.0,0.0,1,0,0,North Dakota
610,C2214,2006,0.83,0.0,0.0,1,0,0,New Mexico
611,C2218,2005,0.42,0.0,0.0,1,0,0,North Carolina
612,C2218,2006,0.37,0.0,0.0,1,0,0,North Carolina
613,C2222,2001,0.0,0.0,0.0,0,0,0,Arkansas
614,C2222,2002,0.0,0.0,0.0,0,0,0,Arkansas
615,C2222,2003,0.0,0.0,0.0,0,0,0,Arkansas
616,C2222,2004,0.54,0.0,0.0,2,0,0,Arkansas
617,C2222,2005,0.48,0.0,0.0,2,0,0,Arkansas
618,C2222,2006,0.81,0.0,0.0,4,0,0,Arkansas
619,C2242,2004,0.31,0.0,0.0,1,0,0,Michigan
620,C2242,2005,0.31,0.0,0.0,1,0,0,Michigan
621,C2242,2006,0.28,0.0,0.0,1,0,0,Michigan
622,C2252,2001,0.0,0.0,0.0,0,0,0,Alabama
623,C2266,2001,0.0,0.0,0.0,0,0,0,Colorado
624,C2266,2002,0.0,0.0,0.0,0,0,0,Colorado
625,C2266,2003,0.0,0.0,0.0,0,0,0,Colorado
626,C2266,2004,0.88,0.0,0.0,3,0,0,Colorado
627,C2266,2005,1.88,0.0,0.0,7,0,0,Colorado
628,C2266,2006,2.56,0.0,0.0,11,0,0,Colorado
629,C2290,2001,0.0,0.0,0.0,0,0,0,Arkansas
630,C2290,2001,0.0,0.0,0.0,0,0,0,Oklahoma
631,C2290,2002,0.0,0.0,0.0,0,0,0,Arkansas
632,C2290,2002,0.0,0.0,0.0,0,0,0,Oklahoma
633,C2290,2003,0.0,0.0,0.0,0,0,0,Arkansas
634,C2290,2003,0.0,0.0,0.0,0,0,0,Oklahoma
635,C2290,2004,0.43,0.0,0.0,1,0,0,Arkansas
636,C2290,2004,0.43,0.0,0.0,1,0,0,Oklahoma
637,C2290,2005,0.4,0.0,0.0,1,0,0,Arkansas
638,C2290,2005,0.4,0.0,0.0,1,0,0,Oklahoma
639,C2290,2006,0.35,0.0,0.0,1,0,0,Arkansas
640,C2290,2006,0.35,0.0,0.0,1,0,0,Oklahoma
641,C2302,2001,0.0,0.0,0.0,0,0,0,
642,C2302,2002,0.0,0.0,0.0,0,0,0,
643,C2302,2003,0.0,0.0,0.0,0,0,0,
644,C2302,2004,0.0,0.0,0.0,0,0,0,
645,C2306,2001,0.0,0.0,0.0,0,0,0,Indiana
646,C2306,2002,0.0,0.0,0.0,0,0,0,Indiana
647,C2306,2003,0.0,0.0,0.0,0,0,0,Indiana
648,C2306,2004,0.54,0.0,0.0,2,0,0,Indiana
649,C2306,2005,0.26,0.0,0.0,1,0,0,Indiana
650,C2306,2006,0.23,0.0,0.0,1,0,0,Indiana
651,C2342,2001,0.0,0.0,0.0,0,0,0,California
652,C2342,2002,0.0,0.0,0.0,0,0,0,California
653,C2342,2003,0.0,0.0,0.0,0,0,0,California
654,C2342,2004,0.28,0.0,0.0,3,0,0,California
655,C2342,2005,0.27,0.0,0.0,3,0,0,California
656,C2342,2006,0.4,0.0,0.0,5,0,0,California
657,C2354,2001,0.0,0.0,0.0,0,0,0,Florida
658,C2354,2002,2.06,1.67,0.98,5,54,50874,Florida
659,C2354,2003,0.0,0.0,0.0,0,0,0,Florida
660,C2354,2004,0.87,0.0,0.0,2,0,0,Florida
661,C2354,2005,0.8,0.0,0.0,2,0,0,Florida
662,C2354,2006,2.1,0.82,0.64,6,27,40401,Florida
663,C2358,2002,0.0,0.0,0.0,0,0,0,Georgia
664,C2358,2003,0.0,0.0,0.0,0,0,0,Georgia
665,C2358,2004,1.37,0.0,0.0,2,0,0,Georgia
666,C2358,2005,1.25,0.0,0.0,2,0,0,Georgia
667,C2358,2006,1.08,0.0,0.0,2,0,0,Georgia
668,C2414,2006,0.98,0.0,0.0,1,0,0,North Carolina
669,C2422,2001,0.0,0.0,0.0,0,0,0,North Dakota
670,C2422,2001,0.0,0.0,0.0,0,0,0,Minnesota
671,C2422,2002,0.0,0.0,0.0,0,0,0,North Dakota
672,C2422,2002,0.0,0.0,0.0,0,0,0,Minnesota
673,C2422,2003,0.0,0.0,0.0,0,0,0,North Dakota
674,C2422,2003,0.0,0.0,0.0,0,0,0,Minnesota
675,C2422,2004,1.82,0.0,0.0,2,0,0,North Dakota
676,C2422,2004,1.82,0.0,0.0,2,0,0,Minnesota
677,C2422,2005,1.72,0.0,0.0,2,0,0,North Dakota
678,C2422,2005,1.72,0.0,0.0,2,0,0,Minnesota
679,C2422,2006,0.76,0.0,0.0,1,0,0,North Dakota
680,C2422,2006,0.76,0.0,0.0,1,0,0,Minnesota
681,C2430,2001,0.0,0.0,0.0,0,0,0,Colorado
682,C2430,2002,0.0,0.0,0.0,0,0,0,Colorado
683,C2430,2003,0.0,0.0,0.0,0,0,0,Colorado
684,C2434,2001,0.48,0.05,0.88,4,7,59491,Michigan
685,C2434,2002,0.4,0.08,0.88,3,8,57378,Michigan
686,C2434,2003,0.61,0.09,0.87,4,8,55244,Michigan
687,C2434,2004,0.78,0.0,0.0,5,0,0,Michigan
688,C2434,2005,0.89,0.19,0.61,6,17,40722,Michigan
689,C2434,2006,0.53,0.0,0.0,4,0,0,Michigan
690,C2454,2001,0.0,0.0,0.0,0,0,0,Colorado
691,C2454,2002,0.0,0.0,0.0,0,0,0,Colorado
692,C2454,2003,0.0,0.0,0.0,0,0,0,Colorado
693,C2454,2004,1.02,0.0,0.0,2,0,0,Colorado
694,C2454,2005,0.46,0.0,0.0,1,0,0,Colorado
695,C2454,2006,0.79,0.0,0.0,2,0,0,Colorado
696,C2458,2005,0.32,0.0,0.0,1,0,0,Wisconsin
697,C2458,2006,0.29,0.0,0.0,1,0,0,Wisconsin
698,C2466,2001,0.0,0.0,0.0,0,0,0,North Carolina
699,C2466,2002,0.0,0.0,0.0,0,0,0,North Carolina
700,C2466,2003,0.0,0.0,0.0,0,0,0,North Carolina
701,C2466,2004,0.6,0.0,0.0,4,0,0,North Carolina
702,C2466,2005,0.57,0.0,0.0,4,0,0,North Carolina
703,C2466,2006,0.38,0.0,0.0,3,0,0,North Carolina
704,C2478,2001,0.0,0.0,0.0,0,0,0,North Carolina
705,C2478,2002,0.0,0.0,0.0,0,0,0,North Carolina
706,C2478,2003,0.0,0.0,0.0,0,0,0,North Carolina
707,C2478,2004,0.72,0.0,0.0,1,0,0,North Carolina
708,C2478,2005,0.68,0.0,0.0,1,0,0,North Carolina
709,C2478,2006,0.59,0.0,0.0,1,0,0,North Carolina
710,C2486,2004,0.18,0.0,0.0,1,0,0,South Carolina
711,C2486,2005,0.17,0.0,0.0,1,0,0,South Carolina
712,C2486,2006,0.42,0.0,0.0,3,0,0,South Carolina
713,C2506,2001,0.0,0.0,0.0,0,0,0,Mississippi
714,C2506,2002,0.0,0.0,0.0,0,0,0,Mississippi
715,C2506,2003,0.0,0.0,0.0,0,0,0,Mississippi
716,C2506,2004,0.48,0.0,0.0,1,0,0,Mississippi
717,C2506,2005,0.46,0.0,0.0,1,0,0,Mississippi
718,C2506,2006,0.44,0.0,0.0,1,0,0,Mississippi
719,C2518,2006,0.41,0.0,0.0,1,0,0,Maryland
720,C2518,2006,0.41,0.0,0.0,1,0,0,West Virginia
721,C2526,2001,0.0,0.0,0.0,0,0,0,California
722,C2542,2001,0.0,0.0,0.0,0,0,0,Pennsylvania
723,C2542,2002,0.0,0.0,0.0,0,0,0,Pennsylvania
724,C2542,2003,0.0,0.0,0.0,0,0,0,Pennsylvania
725,C2542,2004,0.4,0.0,0.0,2,0,0,Pennsylvania
726,C2542,2005,0.38,0.0,0.0,2,0,0,Pennsylvania
727,C2542,2006,0.5,0.0,0.0,3,0,0,Pennsylvania
728,C2550,2001,0.0,0.0,0.0,0,0,0,Virginia
729,C2550,2002,0.0,0.0,0.0,0,0,0,Virginia
730,C2550,2003,0.0,0.0,0.0,0,0,0,Virginia
731,C2550,2004,1.9,0.0,0.0,2,0,0,Virginia
732,C2550,2005,0.87,0.0,0.0,1,0,0,Virginia
733,C2550,2006,1.52,0.0,0.0,2,0,0,Virginia
734,C2554,2001,0.0,0.0,0.0,0,0,0,Connecticut
735,C2554,2002,0.0,0.0,0.0,0,0,0,Connecticut
736,C2554,2003,0.0,0.0,0.0,0,0,0,Connecticut
737,C2554,2004,0.94,0.0,0.0,11,0,0,Connecticut
738,C2554,2005,0.89,0.0,0.0,11,0,0,Connecticut
739,C2554,2006,0.86,0.34,0.85,12,54,78758,Connecticut
740,C2562,2003,0.0,0.0,0.0,0,0,0,Mississippi
741,C2586,2001,0.0,0.0,0.0,0,0,0,North Carolina
742,C2586,2004,0.0,0.0,0.0,0,0,0,North Carolina
743,C2586,2006,0.29,0.0,0.0,1,0,0,North Carolina
744,C2610,2001,0.0,0.0,0.0,0,0,0,
745,C2610,2002,0.0,0.0,0.0,0,0,0,
746,C2610,2003,0.0,0.0,0.0,0,0,0,
747,C2610,2004,0.47,0.0,0.0,1,0,0,
748,C2610,2005,0.45,0.0,0.0,1,0,0,
749,C2610,2006,0.4,0.0,0.0,1,0,0,
750,C2618,2001,0.71,0.11,0.55,8,15,35564,
751,C2618,2002,0.0,0.0,0.0,0,0,0,
752,C2618,2003,0.54,0.15,0.82,5,14,51239,
753,C2618,2004,0.82,0.0,0.0,7,0,0,
754,C2618,2005,0.88,0.0,0.0,8,0,0,
755,C2618,2006,0.88,0.21,0.86,9,24,60764,
756,C2630,2005,0.0,0.0,0.0,0,0,0,Arkansas
757,C2630,2006,1.43,0.0,0.0,2,0,0,Arkansas
758,C2642,1994,0.57,0.4,0.76,4,78,26432,Texas
759,C2642,1996,0.67,0.37,0.79,6,95,31668,Texas
760,C2642,1997,0.75,0.48,0.78,8,139,35668,Texas
761,C2642,1998,0.87,0.54,0.64,11,159,43381,Texas
762,C2642,1999,0.66,0.44,0.59,14,192,43738,Texas
763,C2642,2000,0.6,0.33,0.59,26,271,48346,Texas
764,C2642,2001,0.0,0.0,0.0,0,0,0,Texas
765,C2642,2002,0.57,0.3,0.65,27,176,51658,Texas
766,C2642,2003,0.49,0.25,0.63,21,130,47612,Texas
767,C2642,2004,0.44,0.5,0.93,19,254,75603,Texas
768,C2642,2005,0.49,0.0,0.0,22,0,0,Texas
769,C2642,2006,0.52,0.0,0.0,27,0,0,Texas
770,C2662,2001,0.0,0.0,0.0,0,0,0,Alabama
771,C2662,2002,0.0,0.0,0.0,0,0,0,Alabama
772,C2662,2003,0.0,0.0,0.0,0,0,0,Alabama
773,C2662,2004,0.9,0.0,0.0,3,0,0,Alabama
774,C2662,2005,0.83,0.0,0.0,3,0,0,Alabama
775,C2662,2006,0.97,0.0,0.0,4,0,0,Alabama
776,C2682,2001,0.0,0.0,0.0,0,0,0,Idaho
777,C2682,2002,0.0,0.0,0.0,0,0,0,Idaho
778,C2682,2003,0.0,0.0,0.0,0,0,0,Idaho
779,C2682,2004,0.71,0.0,0.0,1,0,0,Idaho
780,C2682,2005,0.65,0.0,0.0,1,0,0,Idaho
781,C2690,2001,0.0,0.0,0.0,0,0,0,Indiana
782,C2690,2002,0.47,0.29,1.01,8,62,69757,Indiana
783,C2690,2003,0.0,0.0,0.0,0,0,0,Indiana
784,C2690,2004,0.33,0.0,0.0,5,0,0,Indiana
785,C2690,2005,0.57,0.29,0.9,9,59,65113,Indiana
786,C2690,2006,0.61,0.25,0.75,11,55,55886,Indiana
787,C2698,2001,0.0,0.0,0.0,0,0,0,Iowa
788,C2698,2004,0.69,0.0,0.0,1,0,0,Iowa
789,C2698,2005,0.65,0.0,0.0,1,0,0,Iowa
790,C2706,2001,0.0,0.0,0.0,0,0,0,New York
791,C2706,2002,0.0,0.0,0.0,0,0,0,New York
792,C2706,2003,0.0,0.0,0.0,0,0,0,New York
793,C2706,2004,3.53,0.0,0.0,3,0,0,New York
794,C2706,2005,3.36,0.0,0.0,3,0,0,New York
795,C2706,2006,2.99,0.0,0.0,3,0,0,New York
796,C2710,2001,0.0,0.0,0.0,0,0,0,Michigan
797,C2710,2002,0.0,0.0,0.0,0,0,0,Michigan
798,C2714,2001,0.0,0.0,0.0,0,0,0,Mississippi
799,C2714,2004,0.0,0.0,0.0,0,0,0,Mississippi
800,C2714,2005,0.2,0.0,0.0,1,0,0,Mississippi
801,C2714,2006,0.18,0.0,0.0,1,0,0,Mississippi
802,C2726,2001,0.0,0.0,0.0,0,0,0,Florida
803,C2726,2002,0.0,0.0,0.0,0,0,0,Florida
804,C2726,2003,0.7,0.08,0.91,8,10,57290,Florida
805,C2726,2004,0.5,0.06,0.52,6,7,35135,Florida
806,C2726,2005,0.59,0.22,0.77,8,30,53656,Florida
807,C2726,2006,0.76,0.16,0.74,12,24,53778,Florida
808,C2734,2001,0.0,0.0,0.0,0,0,0,North Carolina
809,C2734,2002,0.0,0.0,0.0,0,0,0,North Carolina
810,C2734,2003,0.0,0.0,0.0,0,0,0,North Carolina
811,C2734,2004,1.06,0.0,0.0,1,0,0,North Carolina
812,C2734,2005,1.0,0.0,0.0,1,0,0,North Carolina
813,C2734,2006,2.58,0.0,0.0,3,0,0,North Carolina
814,C2750,2003,0.0,0.0,0.0,0,0,0,Wisconsin
815,C2750,2004,0.77,0.0,0.0,1,0,0,Wisconsin
816,C2762,2001,0.0,0.0,0.0,0,0,0,Missouri
817,C2762,2004,0.7,0.0,0.0,1,0,0,Missouri
818,C2762,2005,0.67,0.0,0.0,1,0,0,Missouri
819,C2762,2006,0.6,0.0,0.0,1,0,0,Missouri
820,C2778,2001,0.0,0.0,0.0,0,0,0,Pennsylvania
821,C2778,2002,2.59,0.2,3.0,4,3,150603,Pennsylvania
822,C2778,2003,0.0,0.0,0.0,0,0,0,Pennsylvania
823,C2778,2004,0.74,0.0,0.0,1,0,0,Pennsylvania
824,C2778,2005,0.7,0.0,0.0,1,0,0,Pennsylvania
825,C2778,2006,0.62,0.0,0.0,1,0,0,Pennsylvania
826,C2786,2004,0.9,0.0,0.0,1,0,0,Arkansas
827,C2786,2005,0.85,0.0,0.0,1,0,0,Arkansas
828,C2790,2004,0.0,0.0,0.0,0,0,0,Missouri
829,C2790,2005,0.56,0.0,0.0,1,0,0,Missouri
830,C2790,2006,0.51,0.0,0.0,1,0,0,Missouri
831,C2802,2001,0.0,0.0,0.0,0,0,0,Michigan
832,C2802,2002,0.0,0.0,0.0,0,0,0,Michigan
833,C2814,2001,0.0,0.0,0.0,0,0,0,Missouri
834,C2814,2001,0.0,0.0,0.0,0,0,0,Kansas
835,C2814,2002,0.69,0.6,0.65,16,149,44782,Missouri
836,C2814,2002,0.69,0.6,0.65,16,149,44782,Kansas
837,C2814,2003,0.0,0.0,0.0,0,0,0,Missouri
838,C2814,2003,0.0,0.0,0.0,0,0,0,Kansas
839,C2814,2004,1.04,0.79,0.73,21,167,51115,Missouri
840,C2814,2004,1.04,0.79,0.73,21,167,51115,Kansas
841,C2814,2005,0.93,0.68,0.73,20,154,52884,Missouri
842,C2814,2005,0.93,0.68,0.73,20,154,52884,Kansas
843,C2814,2006,0.67,0.0,0.0,16,0,0,Missouri
844,C2814,2006,0.67,0.0,0.0,16,0,0,Kansas
845,C2842,2001,0.0,0.0,0.0,0,0,0,Washington
846,C2842,2002,0.0,0.0,0.0,0,0,0,Washington
847,C2842,2003,0.0,0.0,0.0,0,0,0,Washington
848,C2842,2004,0.39,0.0,0.0,1,0,0,Washington
849,C2866,2002,0.0,0.0,0.0,0,0,0,Texas
850,C2866,2003,0.0,0.0,0.0,0,0,0,Texas
851,C2866,2004,0.5,0.0,0.0,1,0,0,Texas
852,C2870,2001,0.0,0.0,0.0,0,0,0,Virginia
853,C2870,2001,0.0,0.0,0.0,0,0,0,Tennessee
854,C2870,2002,0.0,0.0,0.0,0,0,0,Virginia
855,C2870,2002,0.0,0.0,0.0,0,0,0,Tennessee
856,C2870,2003,0.0,0.0,0.0,0,0,0,Virginia
857,C2870,2003,0.0,0.0,0.0,0,0,0,Tennessee
858,C2870,2004,0.43,0.0,0.0,1,0,0,Virginia
859,C2870,2004,0.43,0.0,0.0,1,0,0,Tennessee
860,C2870,2005,0.42,0.0,0.0,1,0,0,Virginia
861,C2870,2005,0.42,0.0,0.0,1,0,0,Tennessee
862,C2870,2006,0.37,0.0,0.0,1,0,0,Virginia
863,C2870,2006,0.37,0.0,0.0,1,0,0,Tennessee
864,C2874,2001,0.0,0.0,0.0,0,0,0,New York
865,C2874,2002,0.0,0.0,0.0,0,0,0,New York
866,C2874,2003,0.0,0.0,0.0,0,0,0,New York
867,C2874,2006,0.0,0.0,0.0,0,0,0,New York
868,C2894,2001,0.0,0.0,0.0,0,0,0,Tennessee
869,C2894,2002,0.0,0.0,0.0,0,0,0,Tennessee
870,C2894,2003,0.0,0.0,0.0,0,0,0,Tennessee
871,C2894,2004,0.91,0.0,0.0,5,0,0,Tennessee
872,C2894,2005,0.86,0.31,0.74,5,23,48373,Tennessee
873,C2894,2006,0.45,0.0,0.0,3,0,0,Tennessee
874,C2910,2001,0.0,0.0,0.0,0,0,0,Wisconsin
875,C2910,2001,0.0,0.0,0.0,0,0,0,Minnesota
876,C2910,2002,0.0,0.0,0.0,0,0,0,Wisconsin
877,C2910,2002,0.0,0.0,0.0,0,0,0,Minnesota
878,C2910,2003,0.0,0.0,0.0,0,0,0,Wisconsin
879,C2910,2003,0.0,0.0,0.0,0,0,0,Minnesota
880,C2910,2004,0.78,0.0,0.0,1,0,0,Wisconsin
881,C2910,2004,0.78,0.0,0.0,1,0,0,Minnesota
882,C2910,2005,0.75,0.0,0.0,1,0,0,Wisconsin
883,C2910,2005,0.75,0.0,0.0,1,0,0,Minnesota
884,C2910,2006,0.67,0.0,0.0,1,0,0,Wisconsin
885,C2910,2006,0.67,0.0,0.0,1,0,0,Minnesota
886,C2934,2001,0.0,0.0,0.0,0,0,0,Louisiana
887,C2934,2002,0.0,0.0,0.0,0,0,0,Louisiana
888,C2934,2003,0.0,0.0,0.0,0,0,0,Louisiana
889,C2934,2004,0.56,0.0,0.0,1,0,0,Louisiana
890,C2946,2001,0.0,0.0,0.0,0,0,0,Florida
891,C2946,2002,0.0,0.0,0.0,0,0,0,Florida
892,C2946,2003,0.0,0.0,0.0,0,0,0,Florida
893,C2946,2004,0.51,0.0,0.0,2,0,0,Florida
894,C2946,2005,0.22,0.0,0.0,1,0,0,Florida
895,C2946,2006,0.19,0.0,0.0,1,0,0,Florida
896,C2954,2001,0.91,0.26,0.58,5,19,36423,Pennsylvania
897,C2954,2002,0.0,0.0,0.0,0,0,0,Pennsylvania
898,C2954,2003,0.0,0.0,0.0,0,0,0,Pennsylvania
899,C2954,2004,0.7,0.0,0.0,3,0,0,Pennsylvania
900,C2954,2005,0.66,0.37,0.49,3,20,31569,Pennsylvania
901,C2954,2006,0.58,0.36,0.55,3,21,36387,Pennsylvania
902,C2962,2001,0.0,0.0,0.0,0,0,0,Michigan
903,C2962,2002,0.0,0.0,0.0,0,0,0,Michigan
904,C2962,2003,0.0,0.0,0.0,0,0,0,Michigan
905,C2962,2004,0.54,0.0,0.0,2,0,0,Michigan
906,C2962,2005,0.25,0.0,0.0,1,0,0,Michigan
907,C2962,2006,0.23,0.0,0.0,1,0,0,Michigan
908,C2982,1990,1.84,0.23,0.96,3,13,24597,Nevada
909,C2982,1996,1.38,0.39,1.01,3,28,34352,Nevada
910,C2982,1997,2.69,0.58,1.03,7,49,38926,Nevada
911,C2982,1998,3.15,0.62,0.59,10,53,33609,Nevada
912,C2982,1999,2.34,0.94,0.55,13,126,33832,Nevada
913,C2982,2000,2.5,1.11,0.66,29,286,43144,Nevada
914,C2982,2001,2.37,0.66,0.81,33,159,52263,Nevada
915,C2982,2002,2.16,1.04,0.84,29,198,52982,Nevada
916,C2982,2003,2.31,1.11,0.76,31,194,47775,Nevada
917,C2982,2004,2.22,0.83,0.59,32,151,39460,Nevada
918,C2982,2005,2.46,1.2,0.55,40,250,39224,Nevada
919,C2982,2006,2.84,1.31,0.59,56,310,43335,Nevada
920,C2994,2001,0.0,0.0,0.0,0,0,0,Kansas
921,C2994,2004,0.96,0.0,0.0,1,0,0,Kansas
922,C2994,2005,1.84,0.0,0.0,2,0,0,Kansas
923,C2994,2006,1.65,0.0,0.0,2,0,0,Kansas
924,C3034,2001,0.0,0.0,0.0,0,0,0,Maine
925,C3034,2002,0.0,0.0,0.0,0,0,0,Maine
926,C3034,2003,0.0,0.0,0.0,0,0,0,Maine
927,C3034,2005,0.87,0.0,0.0,1,0,0,Maine
928,C3034,2006,0.76,0.0,0.0,1,0,0,Maine
929,C3046,2001,0.0,0.0,0.0,0,0,0,Kentucky
930,C3046,2002,0.0,0.0,0.0,0,0,0,Kentucky
931,C3046,2003,0.0,0.0,0.0,0,0,0,Kentucky
932,C3046,2004,0.87,0.0,0.0,4,0,0,Kentucky
933,C3046,2005,1.23,0.6,0.68,6,34,45690,Kentucky
934,C3046,2006,1.59,0.61,0.66,9,38,45535,Kentucky
935,C3070,2001,0.0,0.0,0.0,0,0,0,Nebraska
936,C3070,2002,0.0,0.0,0.0,0,0,0,Nebraska
937,C3070,2003,0.0,0.0,0.0,0,0,0,Nebraska
938,C3070,2004,0.69,0.0,0.0,2,0,0,Nebraska
939,C3070,2005,2.22,0.0,0.0,7,0,0,Nebraska
940,C3070,2006,1.96,0.75,0.79,7,31,48378,Nebraska
941,C3078,2001,0.0,0.0,0.0,0,0,0,Arkansas
942,C3078,2002,0.0,0.0,0.0,0,0,0,Arkansas
943,C3078,2003,0.0,0.0,0.0,0,0,0,Arkansas
944,C3078,2004,0.73,0.0,0.0,5,0,0,Arkansas
945,C3078,2005,0.68,0.0,0.0,5,0,0,Arkansas
946,C3078,2006,0.58,0.0,0.0,5,0,0,Arkansas
947,C3098,2004,0.53,0.0,0.0,1,0,0,Texas
948,C3098,2005,0.5,0.0,0.0,1,0,0,Texas
949,C3098,2006,0.45,0.0,0.0,1,0,0,Texas
950,C3102,2001,0.0,0.0,0.0,0,0,0,Washington
951,C3102,2002,0.0,0.0,0.0,0,0,0,Washington
952,C3102,2003,0.0,0.0,0.0,0,0,0,Washington
953,C3102,2004,0.92,0.0,0.0,1,0,0,Washington
954,C3110,1990,0.57,0.33,1.09,17,277,34802,
955,C3110,1991,0.78,0.4,1.15,24,291,38722,
956,C3110,1992,1.02,0.8,1.02,30,455,35693,
957,C3110,1993,1.19,1.19,0.94,33,600,34541,
958,C3110,1994,1.14,1.61,0.97,29,829,35520,
959,C3110,1995,1.16,2.06,0.91,33,1128,34915,
960,C3110,1996,1.1,1.17,1.05,36,771,42523,
961,C3110,1997,1.07,1.27,1.11,39,944,50716,
962,C3110,1998,1.23,1.8,0.85,57,1325,57718,
963,C3110,1999,1.4,1.96,0.84,110,2152,62564,
964,C3110,2000,1.59,2.33,0.81,240,4749,65341,
965,C3110,2001,1.37,2.14,0.88,255,3964,70839,
966,C3110,2002,1.26,2.09,0.86,221,3011,67607,
967,C3110,2003,1.19,2.22,0.89,197,2786,67942,
968,C3110,2004,1.14,2.07,0.88,188,2579,72261,
969,C3110,2005,0.99,1.94,1.09,175,2597,92751,
970,C3110,2006,1.01,1.96,0.95,211,2884,84344,
971,C3114,2001,0.0,0.0,0.0,0,0,0,Kentucky
972,C3114,2001,0.0,0.0,0.0,0,0,0,Indiana
973,C3114,2002,0.0,0.0,0.0,0,0,0,Kentucky
974,C3114,2002,0.0,0.0,0.0,0,0,0,Indiana
975,C3114,2003,0.41,0.2,0.68,5,26,42029,Kentucky
976,C3114,2003,0.41,0.2,0.68,5,26,42029,Indiana
977,C3114,2004,0.51,0.0,0.0,6,0,0,Kentucky
978,C3114,2004,0.51,0.0,0.0,6,0,0,Indiana
979,C3114,2005,0.48,0.0,0.0,6,0,0,Kentucky
980,C3114,2005,0.48,0.0,0.0,6,0,0,Indiana
981,C3114,2006,0.77,0.9,0.8,11,136,56281,Kentucky
982,C3114,2006,0.77,0.9,0.8,11,136,56281,Indiana
983,C3118,2001,0.0,0.0,0.0,0,0,0,Texas
984,C3118,2002,0.0,0.0,0.0,0,0,0,Texas
985,C3118,2003,1.18,0.55,0.91,3,15,46160,Texas
986,C3118,2004,1.21,1.15,0.59,3,31,31022,Texas
987,C3118,2005,0.77,0.0,0.0,2,0,0,Texas
988,C3118,2006,0.68,0.0,0.0,2,0,0,Texas
989,C3134,2001,0.0,0.0,0.0,0,0,0,Virginia
990,C3134,2002,0.0,0.0,0.0,0,0,0,Virginia
991,C3134,2003,0.0,0.0,0.0,0,0,0,Virginia
992,C3134,2006,0.75,0.0,0.0,2,0,0,Virginia
993,C3142,2006,0.4,0.0,0.0,1,0,0,Georgia
994,C3146,2001,0.0,0.0,0.0,0,0,0,California
995,C3146,2002,0.0,0.0,0.0,0,0,0,California
996,C3146,2003,0.0,0.0,0.0,0,0,0,California
997,C3146,2006,0.0,0.0,0.0,0,0,0,California
998,C3154,2001,0.0,0.0,0.0,0,0,0,Wisconsin
999,C3154,2002,0.0,0.0,0.0,0,0,0,Wisconsin
1000,C3154,2003,0.0,0.0,0.0,0,0,0,Wisconsin
1001,C3154,2004,1.72,0.0,0.0,10,0,0,Wisconsin
1002,C3154,2005,2.25,0.0,0.0,14,0,0,Wisconsin
1003,C3154,2006,2.46,0.0,0.0,17,0,0,Wisconsin
1004,C3170,2001,0.0,0.0,0.0,0,0,0,New Hampshire
1005,C3170,2002,0.59,0.18,0.38,3,9,28236,New Hampshire
1006,C3170,2003,0.87,0.27,0.48,4,12,36012,New Hampshire
1007,C3170,2004,1.76,0.39,0.3,8,17,23989,New Hampshire
1008,C3170,2005,1.48,0.28,0.51,7,13,41762,New Hampshire
1009,C3170,2006,1.31,0.26,0.6,7,13,51231,New Hampshire
1010,C3242,2001,0.0,0.0,0.0,0,0,0,Puerto Rico
1011,C3242,2002,0.0,0.0,0.0,0,0,0,Puerto Rico
1012,C3242,2003,0.0,0.0,0.0,0,0,0,Puerto Rico
1013,C3242,2004,1.4,0.0,0.0,1,0,0,Puerto Rico
1014,C3242,2005,1.25,0.0,0.0,1,0,0,Puerto Rico
1015,C3242,2006,1.07,0.0,0.0,1,0,0,Puerto Rico
1016,C3278,2001,0.0,0.0,0.0,0,0,0,Oregon
1017,C3278,2002,1.66,0.41,0.74,4,8,39254,Oregon
1018,C3278,2003,2.22,0.34,0.95,5,6,49005,Oregon
1019,C3278,2004,2.23,0.45,0.92,5,8,49774,Oregon
1020,C3278,2005,1.22,0.0,0.0,3,0,0,Oregon
1021,C3278,2006,1.76,0.51,0.57,5,11,32973,Oregon
1022,C3282,2001,0.0,0.0,0.0,0,0,0,Tennessee
1023,C3282,2001,0.0,0.0,0.0,0,0,0,Mississippi
1024,C3282,2001,0.0,0.0,0.0,0,0,0,Arkansas
1025,C3282,2002,0.0,0.0,0.0,0,0,0,Tennessee
1026,C3282,2002,0.0,0.0,0.0,0,0,0,Mississippi
1027,C3282,2002,0.0,0.0,0.0,0,0,0,Arkansas
1028,C3282,2003,0.0,0.0,0.0,0,0,0,Tennessee
1029,C3282,2003,0.0,0.0,0.0,0,0,0,Mississippi
1030,C3282,2003,0.0,0.0,0.0,0,0,0,Arkansas
1031,C3282,2004,0.75,0.0,0.0,7,0,0,Tennessee
1032,C3282,2004,0.75,0.0,0.0,7,0,0,Mississippi
1033,C3282,2004,0.75,0.0,0.0,7,0,0,Arkansas
1034,C3282,2005,0.51,0.0,0.0,5,0,0,Tennessee
1035,C3282,2005,0.51,0.0,0.0,5,0,0,Mississippi
1036,C3282,2005,0.51,0.0,0.0,5,0,0,Arkansas
1037,C3282,2006,0.27,0.0,0.0,3,0,0,Tennessee
1038,C3282,2006,0.27,0.0,0.0,3,0,0,Mississippi
1039,C3282,2006,0.27,0.0,0.0,3,0,0,Arkansas
1040,C3290,2001,0.0,0.0,0.0,0,0,0,California
1041,C3290,2002,0.0,0.0,0.0,0,0,0,California
1042,C3290,2003,0.0,0.0,0.0,0,0,0,California
1043,C3290,2004,0.49,0.0,0.0,1,0,0,California
1044,C3290,2006,0.41,0.0,0.0,1,0,0,California
1045,C3310,1990,0.46,2.29,0.99,6,610,26406,Florida
1046,C3310,1991,0.49,2.48,0.99,6,591,27757,Florida
1047,C3310,1993,0.54,3.6,1.02,6,674,30729,Florida
1048,C3310,1995,0.71,3.87,1.11,8,807,36404,Florida
1049,C3310,1999,1.03,1.63,0.75,32,674,47612,Florida
1050,C3310,2000,1.45,1.21,0.76,92,938,52683,Florida
1051,C3310,2001,1.67,1.5,0.78,129,1092,53905,Florida
1052,C3310,2002,1.52,1.58,0.84,110,899,56127,Florida
1053,C3310,2003,1.29,1.78,0.88,87,885,57614,Florida
1054,C3310,2004,1.5,2.03,0.99,102,1008,69303,Florida
1055,C3310,2005,1.62,1.28,0.87,119,701,63906,Florida
1056,C3310,2006,1.52,1.25,0.82,127,752,63161,Florida
1057,C3314,2003,0.0,0.0,0.0,0,0,0,Indiana
1058,C3334,2001,0.0,0.0,0.0,0,0,0,Wisconsin
1059,C3334,2002,0.0,0.0,0.0,0,0,0,Wisconsin
1060,C3334,2003,0.0,0.0,0.0,0,0,0,Wisconsin
1061,C3334,2004,0.66,0.19,0.58,10,35,41368,Wisconsin
1062,C3334,2005,0.69,0.23,0.6,11,44,44217,Wisconsin
1063,C3334,2006,0.91,0.0,0.0,16,0,0,Wisconsin
1064,C3346,1990,1.77,0.55,0.73,13,113,21311,Minnesota
1065,C3346,1990,1.77,0.55,0.73,13,113,21311,Wisconsin
1066,C3346,1991,1.73,0.63,0.75,12,118,22847,Minnesota
1067,C3346,1991,1.73,0.63,0.75,12,118,22847,Wisconsin
1068,C3346,1992,1.39,0.75,0.72,9,118,22691,Minnesota
1069,C3346,1992,1.39,0.75,0.72,9,118,22691,Wisconsin
1070,C3346,1993,1.31,0.58,0.67,8,86,22144,Minnesota
1071,C3346,1993,1.31,0.58,0.67,8,86,22144,Wisconsin
1072,C3346,1994,1.35,0.35,0.95,8,54,32245,Minnesota
1073,C3346,1994,1.35,0.35,0.95,8,54,32245,Wisconsin
1074,C3346,1995,1.43,0.28,0.79,9,46,28254,Minnesota
1075,C3346,1995,1.43,0.28,0.79,9,46,28254,Wisconsin
1076,C3346,1996,1.43,0.33,0.74,11,67,29309,Minnesota
1077,C3346,1996,1.43,0.33,0.74,11,67,29309,Wisconsin
1078,C3346,1997,1.44,0.62,0.81,13,141,35946,Minnesota
1079,C3346,1997,1.44,0.62,0.81,13,141,35946,Wisconsin
1080,C3346,1998,1.24,0.92,0.53,13,209,35620,Minnesota
1081,C3346,1998,1.24,0.92,0.53,13,209,35620,Wisconsin
1082,C3346,1999,0.86,0.78,0.59,15,265,43333,Minnesota
1083,C3346,1999,0.86,0.78,0.59,15,265,43333,Wisconsin
1084,C3346,2000,0.64,0.77,0.64,23,482,51697,Minnesota
1085,C3346,2000,0.64,0.77,0.64,23,482,51697,Wisconsin
1086,C3346,2001,0.0,0.0,0.0,0,0,0,Minnesota
1087,C3346,2001,0.0,0.0,0.0,0,0,0,Wisconsin
1088,C3346,2002,0.0,0.0,0.0,0,0,0,Minnesota
1089,C3346,2002,0.0,0.0,0.0,0,0,0,Wisconsin
1090,C3346,2003,0.99,0.9,0.77,35,347,58796,Minnesota
1091,C3346,2003,0.99,0.9,0.77,35,347,58796,Wisconsin
1092,C3346,2004,1.0,1.14,0.77,34,436,63271,Minnesota
1093,C3346,2004,1.0,1.14,0.77,34,436,63271,Wisconsin
1094,C3346,2005,1.0,1.13,0.82,37,466,68134,Minnesota
1095,C3346,2005,1.0,1.13,0.82,37,466,68134,Wisconsin
1096,C3346,2006,1.05,1.21,0.89,44,542,75626,Minnesota
1097,C3346,2006,1.05,1.21,0.89,44,542,75626,Wisconsin
1098,C3354,2001,0.0,0.0,0.0,0,0,0,Montana
1099,C3354,2002,0.0,0.0,0.0,0,0,0,Montana
1100,C3354,2003,0.0,0.0,0.0,0,0,0,Montana
1101,C3354,2004,0.63,0.0,0.0,1,0,0,Montana
1102,C3354,2005,2.49,0.0,0.0,4,0,0,Montana
1103,C3354,2006,2.72,0.0,0.0,5,0,0,Montana
1104,C3366,2001,0.0,0.0,0.0,0,0,0,Alabama
1105,C3366,2002,0.0,0.0,0.0,0,0,0,Alabama
1106,C3366,2003,0.0,0.0,0.0,0,0,0,Alabama
1107,C3366,2004,1.12,0.0,0.0,4,0,0,Alabama
1108,C3366,2005,0.8,0.0,0.0,3,0,0,Alabama
1109,C3366,2006,0.47,0.0,0.0,2,0,0,Alabama
1110,C3370,2001,0.0,0.0,0.0,0,0,0,California
1111,C3370,2002,0.0,0.0,0.0,0,0,0,California
1112,C3370,2003,0.0,0.0,0.0,0,0,0,California
1113,C3370,2004,0.41,0.0,0.0,2,0,0,California
1114,C3370,2005,0.2,0.0,0.0,1,0,0,California
1115,C3374,2001,0.0,0.0,0.0,0,0,0,Louisiana
1116,C3374,2002,0.0,0.0,0.0,0,0,0,Louisiana
1117,C3374,2003,0.0,0.0,0.0,0,0,0,Louisiana
1118,C3386,2001,0.0,0.0,0.0,0,0,0,Alabama
1119,C3386,2002,0.0,0.0,0.0,0,0,0,Alabama
1120,C3386,2003,0.0,0.0,0.0,0,0,0,Alabama
1121,C3386,2004,0.62,0.0,0.0,2,0,0,Alabama
1122,C3386,2005,0.58,0.0,0.0,2,0,0,Alabama
1123,C3386,2006,0.52,0.0,0.0,2,0,0,Alabama
1124,C3410,2001,0.0,0.0,0.0,0,0,0,Tennessee
1125,C3410,2002,0.0,0.0,0.0,0,0,0,Tennessee
1126,C3410,2003,0.0,0.0,0.0,0,0,0,Tennessee
1127,C3410,2004,1.19,0.0,0.0,1,0,0,Tennessee
1128,C3458,2001,0.0,0.0,0.0,0,0,0,Washington
1129,C3458,2002,0.0,0.0,0.0,0,0,0,Washington
1130,C3458,2003,0.0,0.0,0.0,0,0,0,Washington
1131,C3458,2004,0.71,0.0,0.0,1,0,0,Washington
1132,C3458,2005,0.68,0.0,0.0,1,0,0,Washington
1133,C3458,2006,0.0,0.0,0.0,0,0,0,Washington
1134,C3482,2004,0.34,0.0,0.0,1,0,0,North Carolina
1135,C3482,2004,0.34,0.0,0.0,1,0,0,South Carolina
1136,C3482,2005,0.62,0.0,0.0,2,0,0,North Carolina
1137,C3482,2005,0.62,0.0,0.0,2,0,0,South Carolina
1138,C3482,2006,0.5,0.0,0.0,2,0,0,North Carolina
1139,C3482,2006,0.5,0.0,0.0,2,0,0,South Carolina
1140,C3490,2001,1.88,1.64,1.17,4,35,80449,California
1141,C3490,2002,0.0,0.0,0.0,0,0,0,California
1142,C3490,2003,0.0,0.0,0.0,0,0,0,California
1143,C3490,2004,2.28,0.0,0.0,4,0,0,California
1144,C3490,2005,1.09,0.0,0.0,2,0,0,California
1145,C3490,2006,0.94,0.0,0.0,2,0,0,California
1146,C3494,2001,0.0,0.0,0.0,0,0,0,Florida
1147,C3494,2002,0.0,0.0,0.0,0,0,0,Florida
1148,C3494,2003,0.0,0.0,0.0,0,0,0,Florida
1149,C3494,2004,0.76,0.11,0.4,3,3,25441,Florida
1150,C3494,2005,0.89,0.0,0.0,4,0,0,Florida
1151,C3494,2006,0.57,0.0,0.0,3,0,0,Florida
1152,C3498,2001,0.0,0.0,0.0,0,0,0,Tennessee
1153,C3498,2002,0.0,0.0,0.0,0,0,0,Tennessee
1154,C3498,2003,1.56,0.93,0.98,20,150,62843,Tennessee
1155,C3498,2004,1.5,0.0,0.0,19,0,0,Tennessee
1156,C3498,2005,1.35,0.0,0.0,18,0,0,Tennessee
1157,C3498,2006,1.36,0.0,0.0,21,0,0,Tennessee
1158,C3530,2001,0.68,0.68,0.77,7,83,59970,Connecticut
1159,C3530,2002,0.54,0.92,0.76,5,88,57850,Connecticut
1160,C3530,2003,0.48,1.1,0.83,4,91,61197,Connecticut
1161,C3530,2004,0.74,1.23,0.81,6,100,63478,Connecticut
1162,C3530,2005,0.71,1.12,0.84,6,97,67260,Connecticut
1163,C3530,2006,0.73,0.87,0.74,7,83,60160,Connecticut
1164,C3538,1997,0.83,0.18,0.8,3,15,29086,Louisiana
1165,C3538,1998,0.93,0.43,0.82,4,36,44531,Louisiana
1166,C3538,1999,0.82,0.37,0.87,6,45,49999,Louisiana
1167,C3538,2000,0.89,0.28,0.71,13,62,43487,Louisiana
1168,C3538,2001,0.0,0.0,0.0,0,0,0,Louisiana
1169,C3538,2002,0.85,0.42,0.62,13,65,37841,Louisiana
1170,C3538,2003,0.0,0.0,0.0,0,0,0,Louisiana
1171,C3538,2004,0.97,0.52,0.57,13,70,35517,Louisiana
1172,C3538,2005,1.05,0.0,0.0,15,0,0,Louisiana
1173,C3538,2006,0.89,0.3,0.53,14,37,40450,Louisiana
1174,C3562,2001,0.0,0.0,0.0,0,0,0,New York
1175,C3562,2001,0.0,0.0,0.0,0,0,0,New Jersey
1176,C3562,2001,0.0,0.0,0.0,0,0,0,Pennsylvania
1177,C3562,2002,0.0,0.0,0.0,0,0,0,New York
1178,C3562,2002,0.0,0.0,0.0,0,0,0,New Jersey
1179,C3562,2002,0.0,0.0,0.0,0,0,0,Pennsylvania
1180,C3562,2003,1.21,1.68,0.9,249,3073,84571,New York
1181,C3562,2003,1.21,1.68,0.9,249,3073,84571,New Jersey
1182,C3562,2003,1.21,1.68,0.9,249,3073,84571,Pennsylvania
1183,C3562,2004,1.19,1.63,0.85,240,2927,85824,New York
1184,C3562,2004,1.19,1.63,0.85,240,2927,85824,New Jersey
1185,C3562,2004,1.19,1.63,0.85,240,2927,85824,Pennsylvania
1186,C3562,2005,1.18,1.69,0.86,253,3247,90496,New York
1187,C3562,2005,1.18,1.69,0.86,253,3247,90496,New Jersey
1188,C3562,2005,1.18,1.69,0.86,253,3247,90496,Pennsylvania
1189,C3562,2006,1.17,1.79,0.87,281,3778,96673,New York
1190,C3562,2006,1.17,1.79,0.87,281,3778,96673,New Jersey
1191,C3562,2006,1.17,1.79,0.87,281,3778,96673,Pennsylvania
1192,C3566,2005,0.66,0.0,0.0,1,0,0,Michigan
1193,C3566,2006,0.59,0.0,0.0,1,0,0,Michigan
1194,C3598,2001,0.0,0.0,0.0,0,0,0,Connecticut
1195,C3598,2002,0.0,0.0,0.0,0,0,0,Connecticut
1196,C3598,2003,0.0,0.0,0.0,0,0,0,Connecticut
1197,C3598,2004,1.23,0.0,0.0,3,0,0,Connecticut
1198,C3598,2005,1.17,0.0,0.0,3,0,0,Connecticut
1199,C3598,2006,0.69,0.0,0.0,2,0,0,Connecticut
1200,C3610,2001,1.14,0.11,0.62,3,3,31819,Florida
1201,C3610,2002,0.0,0.0,0.0,0,0,0,Florida
1202,C3610,2003,0.0,0.0,0.0,0,0,0,Florida
1203,C3610,2004,0.81,0.0,0.0,2,0,0,Florida
1204,C3610,2005,0.71,0.0,0.0,2,0,0,Florida
1205,C3610,2006,1.18,0.15,0.77,4,4,43891,Florida
1206,C3614,2001,0.0,0.0,0.0,0,0,0,New Jersey
1207,C3614,2002,0.0,0.0,0.0,0,0,0,New Jersey
1208,C3614,2003,0.0,0.0,0.0,0,0,0,New Jersey
1209,C3614,2004,0.63,0.0,0.0,1,0,0,New Jersey
1210,C3614,2005,0.6,0.0,0.0,1,0,0,New Jersey
1211,C3614,2006,0.54,0.0,0.0,1,0,0,New Jersey
1212,C3626,2001,0.0,0.0,0.0,0,0,0,Utah
1213,C3626,2002,0.0,0.0,0.0,0,0,0,Utah
1214,C3626,2003,0.0,0.0,0.0,0,0,0,Utah
1215,C3626,2004,0.68,0.0,0.0,3,0,0,Utah
1216,C3626,2005,1.04,0.0,0.0,5,0,0,Utah
1217,C3626,2006,1.43,0.0,0.0,8,0,0,Utah
1218,C3642,1998,1.77,0.94,0.59,6,66,28646,Oklahoma
1219,C3642,1999,1.58,0.77,0.53,9,81,27937,Oklahoma
1220,C3642,2000,1.13,0.57,0.57,13,110,32970,Oklahoma
1221,C3642,2001,0.0,0.0,0.0,0,0,0,Oklahoma
1222,C3642,2002,0.0,0.0,0.0,0,0,0,Oklahoma
1223,C3642,2003,1.4,1.33,0.73,16,159,40514,Oklahoma
1224,C3642,2004,1.43,1.17,0.67,16,139,39234,Oklahoma
1225,C3642,2005,1.4,0.0,0.0,17,0,0,Oklahoma
1226,C3642,2006,1.16,0.98,0.74,16,139,47924,Oklahoma
1227,C3650,2001,0.0,0.0,0.0,0,0,0,Washington
1228,C3650,2002,0.0,0.0,0.0,0,0,0,Washington
1229,C3650,2003,0.0,0.0,0.0,0,0,0,Washington
1230,C3650,2004,0.44,0.0,0.0,1,0,0,Washington
1231,C3650,2005,0.41,0.0,0.0,1,0,0,Washington
1232,C3650,2006,0.36,0.0,0.0,1,0,0,Washington
1233,C3654,1990,3.28,0.35,0.84,6,18,19773,Iowa
1234,C3654,1990,3.28,0.35,0.84,6,18,19773,Nebraska
1235,C3654,1991,3.87,0.94,0.57,7,44,13822,Iowa
1236,C3654,1991,3.87,0.94,0.57,7,44,13822,Nebraska
1237,C3654,1992,4.26,1.07,0.51,7,42,12926,Iowa
1238,C3654,1992,4.26,1.07,0.51,7,42,12926,Nebraska
1239,C3654,1993,4.49,1.12,0.5,7,41,13148,Iowa
1240,C3654,1993,4.49,1.12,0.5,7,41,13148,Nebraska
1241,C3654,1994,4.71,1.12,0.54,7,43,14952,Iowa
1242,C3654,1994,4.71,1.12,0.54,7,43,14952,Nebraska
1243,C3654,1995,3.26,0.29,0.43,5,12,12643,Iowa
1244,C3654,1995,3.26,0.29,0.43,5,12,12643,Nebraska
1245,C3654,1996,3.3,0.22,0.46,6,11,14617,Iowa
1246,C3654,1996,3.3,0.22,0.46,6,11,14617,Nebraska
1247,C3654,1997,1.45,0.12,0.45,3,7,16124,Iowa
1248,C3654,1997,1.45,0.12,0.45,3,7,16124,Nebraska
1249,C3654,1999,0.73,0.06,0.87,3,5,51261,Iowa
1250,C3654,1999,0.73,0.06,0.87,3,5,51261,Nebraska
1251,C3654,2000,0.84,0.16,0.46,7,26,28833,Iowa
1252,C3654,2000,0.84,0.16,0.46,7,26,28833,Nebraska
1253,C3654,2001,1.71,1.26,0.72,17,180,45072,Iowa
1254,C3654,2001,1.71,1.26,0.72,17,180,45072,Nebraska
1255,C3654,2002,0.0,0.0,0.0,0,0,0,Iowa
1256,C3654,2002,0.0,0.0,0.0,0,0,0,Nebraska
1257,C3654,2003,0.0,0.0,0.0,0,0,0,Iowa
1258,C3654,2003,0.0,0.0,0.0,0,0,0,Nebraska
1259,C3654,2004,1.61,0.0,0.0,13,0,0,Iowa
1260,C3654,2004,1.61,0.0,0.0,13,0,0,Nebraska
1261,C3654,2005,1.16,0.0,0.0,10,0,0,Iowa
1262,C3654,2005,1.16,0.0,0.0,10,0,0,Nebraska
1263,C3654,2006,0.92,0.0,0.0,9,0,0,Iowa
1264,C3654,2006,0.92,0.0,0.0,9,0,0,Nebraska
1265,C3674,1991,1.26,0.7,0.7,4,58,17762,Florida
1266,C3674,1993,1.74,0.97,0.71,5,65,19349,Florida
1267,C3674,1994,1.79,0.93,0.69,5,66,19452,Florida
1268,C3674,1995,1.68,0.83,0.74,5,64,21676,Florida
1269,C3674,1996,1.11,0.68,0.69,4,65,21448,Florida
1270,C3674,1997,1.18,0.43,0.44,5,48,15328,Florida
1271,C3674,1998,1.37,0.21,0.49,7,24,25545,Florida
1272,C3674,1999,1.55,0.23,0.75,13,39,42758,Florida
1273,C3674,2000,1.63,0.42,0.79,28,135,48814,Florida
1274,C3674,2001,0.0,0.0,0.0,0,0,0,Florida
1275,C3674,2002,0.0,0.0,0.0,0,0,0,Florida
1276,C3674,2003,0.0,0.0,0.0,0,0,0,Florida
1277,C3674,2004,1.13,0.3,0.62,22,63,39515,Florida
1278,C3674,2005,1.42,0.0,0.0,31,0,0,Florida
1279,C3674,2006,1.57,0.53,1.13,41,138,77596,Florida
1280,C3678,2005,0.66,0.0,0.0,1,0,0,Wisconsin
1281,C3678,2006,1.22,0.0,0.0,2,0,0,Wisconsin
1282,C3710,2001,0.0,0.0,0.0,0,0,0,California
1283,C3710,2002,0.0,0.0,0.0,0,0,0,California
1284,C3710,2003,0.0,0.0,0.0,0,0,0,California
1285,C3710,2004,0.66,0.26,1.14,5,18,88582,California
1286,C3710,2005,0.51,0.33,1.1,4,25,89101,California
1287,C3710,2006,0.32,0.29,1.0,3,24,82809,California
1288,C3734,2001,0.0,0.0,0.0,0,0,0,Florida
1289,C3734,2002,0.61,0.08,0.27,3,4,17325,Florida
1290,C3734,2003,0.0,0.0,0.0,0,0,0,Florida
1291,C3734,2004,0.21,0.0,0.0,1,0,0,Florida
1292,C3734,2005,0.38,0.0,0.0,2,0,0,Florida
1293,C3734,2006,0.65,0.09,0.37,4,5,27035,Florida
1294,C3746,2002,0.0,0.0,0.0,0,0,0,Florida
1295,C3746,2003,0.0,0.0,0.0,0,0,0,Florida
1296,C3746,2004,0.58,0.0,0.0,1,0,0,Florida
1297,C3746,2005,0.53,0.0,0.0,1,0,0,Florida
1298,C3746,2006,0.91,0.0,0.0,2,0,0,Florida
1299,C3786,2001,0.0,0.0,0.0,0,0,0,Florida
1300,C3786,2002,0.0,0.0,0.0,0,0,0,Florida
1301,C3786,2003,0.0,0.0,0.0,0,0,0,Florida
1302,C3786,2004,0.27,0.0,0.0,1,0,0,Florida
1303,C3786,2005,0.25,0.0,0.0,1,0,0,Florida
1304,C3786,2006,0.21,0.0,0.0,1,0,0,Florida
1305,C3790,2002,0.0,0.0,0.0,0,0,0,Illinois
1306,C3790,2003,0.0,0.0,0.0,0,0,0,Illinois
1307,C3790,2004,0.32,0.0,0.0,1,0,0,Illinois
1308,C3790,2005,0.31,0.0,0.0,1,0,0,Illinois
1309,C3790,2006,0.54,0.0,0.0,2,0,0,Illinois
1310,C3798,1990,0.53,1.23,1.09,7,457,33096,Pennsylvania
1311,C3798,1990,0.53,1.23,1.09,7,457,33096,New Jersey
1312,C3798,1990,0.53,1.23,1.09,7,457,33096,Delaware
1313,C3798,1990,0.53,1.23,1.09,7,457,33096,Maryland
1314,C3798,1991,0.56,0.52,1.09,7,171,34681,Pennsylvania
1315,C3798,1991,0.56,0.52,1.09,7,171,34681,New Jersey
1316,C3798,1991,0.56,0.52,1.09,7,171,34681,Delaware
1317,C3798,1991,0.56,0.52,1.09,7,171,34681,Maryland
1318,C3798,1992,0.61,0.24,1.06,7,64,35307,Pennsylvania
1319,C3798,1992,0.61,0.24,1.06,7,64,35307,New Jersey
1320,C3798,1992,0.61,0.24,1.06,7,64,35307,Delaware
1321,C3798,1992,0.61,0.24,1.06,7,64,35307,Maryland
1322,C3798,1993,0.66,0.27,1.03,7,65,35910,Pennsylvania
1323,C3798,1993,0.66,0.27,1.03,7,65,35910,New Jersey
1324,C3798,1993,0.66,0.27,1.03,7,65,35910,Delaware
1325,C3798,1993,0.66,0.27,1.03,7,65,35910,Maryland
1326,C3798,1994,0.81,0.32,1.13,8,81,40107,Pennsylvania
1327,C3798,1994,0.81,0.32,1.13,8,81,40107,New Jersey
1328,C3798,1994,0.81,0.32,1.13,8,81,40107,Delaware
1329,C3798,1994,0.81,0.32,1.13,8,81,40107,Maryland
1330,C3798,1995,0.76,0.4,1.17,8,105,44415,Pennsylvania
1331,C3798,1995,0.76,0.4,1.17,8,105,44415,New Jersey
1332,C3798,1995,0.76,0.4,1.17,8,105,44415,Delaware
1333,C3798,1995,0.76,0.4,1.17,8,105,44415,Maryland
1334,C3798,1996,0.81,0.51,1.1,10,164,44706,Pennsylvania
1335,C3798,1996,0.81,0.51,1.1,10,164,44706,New Jersey
1336,C3798,1996,0.81,0.51,1.1,10,164,44706,Delaware
1337,C3798,1996,0.81,0.51,1.1,10,164,44706,Maryland
1338,C3798,1997,0.76,0.63,1.03,11,224,46832,Pennsylvania
1339,C3798,1997,0.76,0.63,1.03,11,224,46832,New Jersey
1340,C3798,1997,0.76,0.63,1.03,11,224,46832,Delaware
1341,C3798,1997,0.76,0.63,1.03,11,224,46832,Maryland
1342,C3798,1998,0.77,0.78,0.74,13,275,50630,Pennsylvania
1343,C3798,1998,0.77,0.78,0.74,13,275,50630,New Jersey
1344,C3798,1998,0.77,0.78,0.74,13,275,50630,Delaware
1345,C3798,1998,0.77,0.78,0.74,13,275,50630,Maryland
1346,C3798,1999,0.7,0.63,0.77,20,329,57200,Pennsylvania
1347,C3798,1999,0.7,0.63,0.77,20,329,57200,New Jersey
1348,C3798,1999,0.7,0.63,0.77,20,329,57200,Delaware
1349,C3798,1999,0.7,0.63,0.77,20,329,57200,Maryland
1350,C3798,2000,0.53,0.65,0.79,31,632,63427,Pennsylvania
1351,C3798,2000,0.53,0.65,0.79,31,632,63427,New Jersey
1352,C3798,2000,0.53,0.65,0.79,31,632,63427,Delaware
1353,C3798,2000,0.53,0.65,0.79,31,632,63427,Maryland
1354,C3798,2001,0.0,0.0,0.0,0,0,0,Pennsylvania
1355,C3798,2001,0.0,0.0,0.0,0,0,0,New Jersey
1356,C3798,2001,0.0,0.0,0.0,0,0,0,Delaware
1357,C3798,2001,0.0,0.0,0.0,0,0,0,Maryland
1358,C3798,2002,0.0,0.0,0.0,0,0,0,Pennsylvania
1359,C3798,2002,0.0,0.0,0.0,0,0,0,New Jersey
1360,C3798,2002,0.0,0.0,0.0,0,0,0,Delaware
1361,C3798,2002,0.0,0.0,0.0,0,0,0,Maryland
1362,C3798,2003,0.0,0.0,0.0,0,0,0,Pennsylvania
1363,C3798,2003,0.0,0.0,0.0,0,0,0,New Jersey
1364,C3798,2003,0.0,0.0,0.0,0,0,0,Delaware
1365,C3798,2003,0.0,0.0,0.0,0,0,0,Maryland
1366,C3798,2004,0.8,0.68,1.45,46,403,118698,Pennsylvania
1367,C3798,2004,0.8,0.68,1.45,46,403,118698,New Jersey
1368,C3798,2004,0.8,0.68,1.45,46,403,118698,Delaware
1369,C3798,2004,0.8,0.68,1.45,46,403,118698,Maryland
1370,C3798,2005,0.85,0.66,1.07,52,420,90433,Pennsylvania
1371,C3798,2005,0.85,0.66,1.07,52,420,90433,New Jersey
1372,C3798,2005,0.85,0.66,1.07,52,420,90433,Delaware
1373,C3798,2005,0.85,0.66,1.07,52,420,90433,Maryland
1374,C3798,2006,0.84,0.44,0.8,57,302,70463,Pennsylvania
1375,C3798,2006,0.84,0.44,0.8,57,302,70463,New Jersey
1376,C3798,2006,0.84,0.44,0.8,57,302,70463,Delaware
1377,C3798,2006,0.84,0.44,0.8,57,302,70463,Maryland
1378,C3806,1990,1.39,0.86,1.08,8,134,27990,Arizona
1379,C3806,1991,1.41,0.76,1.23,8,108,33200,Arizona
1380,C3806,1992,1.48,0.3,0.96,8,35,26559,Arizona
1381,C3806,1993,1.57,0.32,0.77,8,36,22346,Arizona
1382,C3806,1994,1.6,0.33,0.8,8,40,23955,Arizona
1383,C3806,1995,1.49,0.35,0.74,8,48,23642,Arizona
1384,C3806,1996,1.56,0.37,0.73,10,64,24732,Arizona
1385,C3806,1997,1.61,0.41,0.7,12,82,27010,Arizona
1386,C3806,1998,1.24,0.26,0.66,11,54,38438,Arizona
1387,C3806,1999,1.01,0.26,0.68,15,80,43749,Arizona
1388,C3806,2000,0.91,0.27,1.61,28,156,114405,Arizona
1389,C3806,2001,0.0,0.0,0.0,0,0,0,Arizona
1390,C3806,2002,1.01,0.38,0.76,34,160,51763,Arizona
1391,C3806,2003,1.05,0.56,0.77,33,207,51035,Arizona
1392,C3806,2004,1.14,0.0,0.0,35,0,0,Arizona
1393,C3806,2005,1.18,0.0,0.0,40,0,0,Arizona
1394,C3806,2006,1.3,0.0,0.0,53,0,0,Arizona
1395,C3830,2001,0.0,0.0,0.0,0,0,0,Pennsylvania
1396,C3830,2002,0.69,0.22,0.79,18,64,52606,Pennsylvania
1397,C3830,2003,0.67,0.21,1.12,16,53,72410,Pennsylvania
1398,C3830,2004,0.48,0.16,0.81,11,39,55972,Pennsylvania
1399,C3830,2005,0.5,0.14,0.75,12,37,53142,Pennsylvania
1400,C3830,2006,0.52,0.13,0.81,14,38,60253,Pennsylvania
1401,C3834,2001,1.86,6.17,1.12,4,129,69976,Massachusetts
1402,C3834,2002,1.52,3.95,1.41,3,65,86873,Massachusetts
1403,C3834,2003,1.68,2.87,1.37,3,41,80191,Massachusetts
1404,C3834,2004,1.7,4.23,0.9,3,59,56505,Massachusetts
1405,C3834,2005,1.61,4.02,0.86,3,60,56057,Massachusetts
1406,C3834,2006,0.98,0.0,0.0,2,0,0,Massachusetts
1407,C3886,2001,0.0,0.0,0.0,0,0,0,Maine
1408,C3886,2002,0.0,0.0,0.0,0,0,0,Maine
1409,C3886,2003,0.0,0.0,0.0,0,0,0,Maine
1410,C3886,2004,0.43,0.42,0.86,3,24,54407,Maine
1411,C3886,2005,0.56,0.5,0.85,4,30,55374,Maine
1412,C3886,2006,0.98,0.0,0.0,8,0,0,Maine
1413,C3890,1995,0.92,0.14,0.47,4,13,16021,Oregon
1414,C3890,1995,0.92,0.14,0.47,4,13,16021,Washington
1415,C3890,1998,0.54,0.33,0.55,4,43,33934,Oregon
1416,C3890,1998,0.54,0.33,0.55,4,43,33934,Washington
1417,C3890,1999,0.9,0.38,0.59,11,72,40245,Oregon
1418,C3890,1999,0.9,0.38,0.59,11,72,40245,Washington
1419,C3890,2000,0.97,0.74,0.59,24,265,44707,Oregon
1420,C3890,2000,0.97,0.74,0.59,24,265,44707,Washington
1421,C3890,2001,0.0,0.0,0.0,0,0,0,Oregon
1422,C3890,2001,0.0,0.0,0.0,0,0,0,Washington
1423,C3890,2002,0.0,0.0,0.0,0,0,0,Oregon
1424,C3890,2002,0.0,0.0,0.0,0,0,0,Washington
1425,C3890,2003,0.0,0.0,0.0,0,0,0,Oregon
1426,C3890,2003,0.0,0.0,0.0,0,0,0,Washington
1427,C3890,2004,1.4,0.51,0.82,33,108,59870,Oregon
1428,C3890,2004,1.4,0.51,0.82,33,108,59870,Washington
1429,C3890,2005,1.4,0.0,0.0,36,0,0,Oregon
1430,C3890,2005,1.4,0.0,0.0,36,0,0,Washington
1431,C3890,2006,1.21,0.56,0.78,36,145,60371,Oregon
1432,C3890,2006,1.21,0.56,0.78,36,145,60371,Washington
1433,C3894,2003,0.0,0.0,0.0,0,0,0,Florida
1434,C3894,2004,0.56,0.0,0.0,2,0,0,Florida
1435,C3894,2005,0.24,0.0,0.0,1,0,0,Florida
1436,C3894,2006,0.2,0.0,0.0,1,0,0,Florida
1437,C3910,2001,0.0,0.0,0.0,0,0,0,New York
1438,C3910,2002,0.0,0.0,0.0,0,0,0,New York
1439,C3910,2003,0.0,0.0,0.0,0,0,0,New York
1440,C3910,2004,0.64,0.0,0.0,4,0,0,New York
1441,C3910,2005,0.59,0.0,0.0,4,0,0,New York
1442,C3910,2006,0.52,0.0,0.0,4,0,0,New York
1443,C3914,2001,0.0,0.0,0.0,0,0,0,
1444,C3914,2002,0.0,0.0,0.0,0,0,0,
1445,C3914,2003,0.0,0.0,0.0,0,0,0,
1446,C3914,2004,1.04,0.0,0.0,2,0,0,
1447,C3914,2005,1.86,0.0,0.0,4,0,0,
1448,C3914,2006,1.93,0.0,0.0,5,0,0,
1449,C3930,2000,0.17,0.01,0.62,3,3,40464,Rhode Island
1450,C3930,2000,0.17,0.01,0.62,3,3,40464,Massachusetts
1451,C3930,2001,0.0,0.0,0.0,0,0,0,Rhode Island
1452,C3930,2001,0.0,0.0,0.0,0,0,0,Massachusetts
1453,C3930,2002,0.0,0.0,0.0,0,0,0,Rhode Island
1454,C3930,2002,0.0,0.0,0.0,0,0,0,Massachusetts
1455,C3930,2003,0.0,0.0,0.0,0,0,0,Rhode Island
1456,C3930,2003,0.0,0.0,0.0,0,0,0,Massachusetts
1457,C3930,2004,0.97,0.0,0.0,17,0,0,Rhode Island
1458,C3930,2004,0.97,0.0,0.0,17,0,0,Massachusetts
1459,C3930,2005,1.12,0.0,0.0,21,0,0,Rhode Island
1460,C3930,2005,1.12,0.0,0.0,21,0,0,Massachusetts
1461,C3930,2006,1.19,0.0,0.0,25,0,0,Rhode Island
1462,C3930,2006,1.19,0.0,0.0,25,0,0,Massachusetts
1463,C3934,1990,5.92,0.88,0.78,3,12,16222,Utah
1464,C3934,1992,6.19,0.37,0.57,3,4,13250,Utah
1465,C3934,1993,6.28,0.38,1.1,3,4,26687,Utah
1466,C3934,1994,12.41,1.75,0.82,6,20,20346,Utah
1467,C3934,1995,9.28,1.17,0.67,5,15,18052,Utah
1468,C3934,1996,7.44,8.31,0.67,5,134,19144,Utah
1469,C3934,1997,8.76,10.76,0.64,7,198,20184,Utah
1470,C3934,1998,12.16,14.61,0.54,12,273,25680,Utah
1471,C3934,1999,8.53,11.96,0.71,15,337,36952,Utah
1472,C3934,2000,6.24,9.14,0.72,23,489,40633,Utah
1473,C3934,2001,4.78,6.02,0.89,22,296,49893,Utah
1474,C3934,2002,4.48,5.67,0.85,19,214,45078,Utah
1475,C3934,2003,3.79,6.37,0.85,15,213,43963,Utah
1476,C3934,2004,4.31,7.41,0.8,18,255,42605,Utah
1477,C3934,2005,5.15,7.45,1.13,24,286,62320,Utah
1478,C3934,2006,6.89,8.53,1.04,38,374,61145,Utah
1479,C3946,2001,0.0,0.0,0.0,0,0,0,Florida
1480,C3946,2002,0.0,0.0,0.0,0,0,0,Florida
1481,C3946,2003,0.0,0.0,0.0,0,0,0,Florida
1482,C3946,2004,0.75,0.0,0.0,1,0,0,Florida
1483,C3946,2005,0.66,0.0,0.0,1,0,0,Florida
1484,C3946,2006,0.55,0.0,0.0,1,0,0,Florida
1485,C3954,2001,0.0,0.0,0.0,0,0,0,Wisconsin
1486,C3954,2002,0.0,0.0,0.0,0,0,0,Wisconsin
1487,C3954,2003,0.0,0.0,0.0,0,0,0,Wisconsin
1488,C3954,2005,0.6,0.0,0.0,1,0,0,Wisconsin
1489,C3954,2006,0.55,0.0,0.0,1,0,0,Wisconsin
1490,C3958,2001,0.0,0.0,0.0,0,0,0,North Carolina
1491,C3958,2002,0.0,0.0,0.0,0,0,0,North Carolina
1492,C3958,2003,0.0,0.0,0.0,0,0,0,North Carolina
1493,C3958,2004,1.59,1.1,0.87,16,109,60456,North Carolina
1494,C3958,2005,1.3,0.0,0.0,14,0,0,North Carolina
1495,C3958,2006,1.34,2.06,0.72,17,257,53658,North Carolina
1496,C3974,2001,0.0,0.0,0.0,0,0,0,Pennsylvania
1497,C3974,2002,0.0,0.0,0.0,0,0,0,Pennsylvania
1498,C3974,2003,0.0,0.0,0.0,0,0,0,Pennsylvania
1499,C3974,2004,0.0,0.0,0.0,0,0,0,Pennsylvania
1500,C3974,2006,0.26,0.0,0.0,1,0,0,Pennsylvania
1501,C3982,2001,0.0,0.0,0.0,0,0,0,California
1502,C3990,2001,1.57,0.5,1.34,8,33,91162,Nevada
1503,C3990,2002,1.48,0.45,1.3,7,23,84716,Nevada
1504,C3990,2003,1.32,0.22,1.55,6,10,99929,Nevada
1505,C3990,2004,1.27,0.13,1.15,6,6,77502,Nevada
1506,C3990,2005,1.16,0.0,0.0,6,0,0,Nevada
1507,C3990,2006,1.48,0.14,1.2,9,8,85999,Nevada
1508,C4006,1998,0.86,0.09,1.69,3,7,99201,Virginia
1509,C4006,1999,0.86,0.14,1.32,5,16,85716,Virginia
1510,C4006,2000,0.59,0.26,0.87,7,55,60687,Virginia
1511,C4006,2001,0.0,0.0,0.0,0,0,0,Virginia
1512,C4006,2002,0.77,0.13,0.5,10,19,34354,Virginia
1513,C4006,2003,0.94,0.18,0.71,11,23,47295,Virginia
1514,C4006,2004,1.04,0.0,0.0,12,0,0,Virginia
1515,C4006,2005,1.37,0.0,0.0,17,0,0,Virginia
1516,C4006,2006,1.14,0.0,0.0,16,0,0,Virginia
1517,C4014,1990,0.65,0.03,1.06,3,3,26802,California
1518,C4014,1997,0.51,0.2,1.11,3,25,38352,California
1519,C4014,1998,0.4,0.07,0.49,3,9,25174,California
1520,C4014,1999,0.46,0.2,0.81,6,38,45459,California
1521,C4014,2000,0.28,0.14,0.88,7,50,53024,California
1522,C4014,2001,0.0,0.0,0.0,0,0,0,California
1523,C4014,2002,0.0,0.0,0.0,0,0,0,California
1524,C4014,2003,0.0,0.0,0.0,0,0,0,California
1525,C4014,2004,0.27,0.08,0.53,8,20,32712,California
1526,C4014,2005,0.38,0.07,0.42,12,20,27063,California
1527,C4014,2006,0.42,0.08,0.35,16,27,23445,California
1528,C4022,2001,0.0,0.0,0.0,0,0,0,Virginia
1529,C4022,2003,0.0,0.0,0.0,0,0,0,Virginia
1530,C4022,2004,0.32,0.0,0.0,1,0,0,Virginia
1531,C4022,2005,0.0,0.0,0.0,0,0,0,Virginia
1532,C4022,2006,0.27,0.0,0.0,1,0,0,Virginia
1533,C4034,2004,0.62,0.0,0.0,1,0,0,Minnesota
1534,C4034,2005,1.12,0.0,0.0,2,0,0,Minnesota
1535,C4034,2006,0.98,0.0,0.0,2,0,0,Minnesota
1536,C4038,1990,1.77,0.15,0.48,4,11,14038,New York
1537,C4038,1991,1.87,0.22,0.56,4,15,17258,New York
1538,C4038,1992,2.06,0.28,0.49,4,15,15236,New York
1539,C4038,1993,2.2,0.24,0.55,4,12,17853,New York
1540,C4038,1994,2.89,0.23,0.57,5,12,18944,New York
1541,C4038,1995,3.26,0.26,0.53,6,14,18859,New York
1542,C4038,1996,2.76,1.39,0.71,6,90,26738,New York
1543,C4038,2000,0.53,0.87,0.7,5,164,47461,New York
1544,C4038,2001,0.0,0.0,0.0,0,0,0,New York
1545,C4038,2002,0.0,0.0,0.0,0,0,0,New York
1546,C4038,2003,0.0,0.0,0.0,0,0,0,New York
1547,C4038,2004,0.77,0.0,0.0,7,0,0,New York
1548,C4038,2005,0.94,0.0,0.0,9,0,0,New York
1549,C4038,2006,1.04,2.22,0.92,11,282,65943,New York
1550,C4042,2003,0.0,0.0,0.0,0,0,0,Illinois
1551,C4042,2004,0.37,0.0,0.0,1,0,0,Illinois
1552,C4042,2005,0.69,0.0,0.0,2,0,0,Illinois
1553,C4042,2006,0.61,0.0,0.0,2,0,0,Illinois
1554,C4058,2001,0.0,0.0,0.0,0,0,0,North Carolina
1555,C4058,2002,0.0,0.0,0.0,0,0,0,North Carolina
1556,C4058,2003,0.0,0.0,0.0,0,0,0,North Carolina
1557,C4090,1990,0.94,0.06,1.38,4,6,38550,California
1558,C4090,1991,1.31,1.06,0.58,6,97,17115,California
1559,C4090,1992,1.56,1.23,0.68,7,90,20799,California
1560,C4090,1993,1.65,1.43,0.64,7,96,20342,California
1561,C4090,1994,1.54,1.06,0.66,6,74,21643,California
1562,C4090,1995,1.39,0.99,0.64,6,75,22264,California
1563,C4090,1996,1.23,0.69,0.63,6,64,22723,California
1564,C4090,1997,1.13,0.25,0.81,6,26,33203,California
1565,C4090,1998,0.89,0.29,0.53,6,30,32539,California
1566,C4090,1999,0.61,0.25,0.62,7,39,41428,California
1567,C4090,2000,0.79,0.47,0.77,17,139,57176,California
1568,C4090,2001,0.0,0.0,0.0,0,0,0,California
1569,C4090,2002,0.51,1.56,0.84,13,348,61328,California
1570,C4090,2003,0.5,1.1,0.83,12,220,59084,California
1571,C4090,2004,0.62,0.0,0.0,15,0,0,California
1572,C4090,2005,0.51,0.79,0.73,13,171,57113,California
1573,C4090,2006,0.43,0.74,0.69,13,178,55961,California
1574,C4106,2001,0.0,0.0,0.0,0,0,0,Minnesota
1575,C4106,2002,0.0,0.0,0.0,0,0,0,Minnesota
1576,C4106,2003,0.0,0.0,0.0,0,0,0,Minnesota
1577,C4106,2004,0.53,0.0,0.0,1,0,0,Minnesota
1578,C4106,2005,0.49,0.0,0.0,1,0,0,Minnesota
1579,C4106,2006,0.42,0.0,0.0,1,0,0,Minnesota
1580,C4110,2001,0.0,0.0,0.0,0,0,0,Utah
1581,C4110,2002,0.0,0.0,0.0,0,0,0,Utah
1582,C4110,2003,0.0,0.0,0.0,0,0,0,Utah
1583,C4110,2004,0.69,0.0,0.0,1,0,0,Utah
1584,C4110,2005,0.59,0.0,0.0,1,0,0,Utah
1585,C4110,2006,0.48,0.0,0.0,1,0,0,Utah
1586,C4118,1990,1.35,0.26,0.83,9,47,22950,Missouri
1587,C4118,1990,1.35,0.26,0.83,9,47,22950,Illinois
1588,C4118,1991,1.1,0.28,0.85,7,45,24423,Missouri
1589,C4118,1991,1.1,0.28,0.85,7,45,24423,Illinois
1590,C4118,1992,1.21,0.36,0.84,7,47,24716,Missouri
1591,C4118,1992,1.21,0.36,0.84,7,47,24716,Illinois
1592,C4118,1993,0.92,0.11,0.83,5,13,25746,Missouri
1593,C4118,1993,0.92,0.11,0.83,5,13,25746,Illinois
1594,C4118,1995,1.28,0.27,0.67,7,37,22916,Missouri
1595,C4118,1995,1.28,0.27,0.67,7,37,22916,Illinois
1596,C4118,1996,0.77,0.14,0.72,5,23,25827,Missouri
1597,C4118,1996,0.77,0.14,0.72,5,23,25827,Illinois
1598,C4118,1999,0.49,0.3,0.57,7,82,35916,Missouri
1599,C4118,1999,0.49,0.3,0.57,7,82,35916,Illinois
1600,C4118,2000,0.6,0.3,0.68,17,148,47878,Missouri
1601,C4118,2000,0.6,0.3,0.68,17,148,47878,Illinois
1602,C4118,2001,0.0,0.0,0.0,0,0,0,Missouri
1603,C4118,2001,0.0,0.0,0.0,0,0,0,Illinois
1604,C4118,2002,0.42,0.31,0.87,13,106,59698,Missouri
1605,C4118,2002,0.42,0.31,0.87,13,106,59698,Illinois
1606,C4118,2003,0.62,0.32,0.73,17,94,48694,Missouri
1607,C4118,2003,0.62,0.32,0.73,17,94,48694,Illinois
1608,C4118,2004,0.71,0.0,0.0,19,0,0,Missouri
1609,C4118,2004,0.71,0.0,0.0,19,0,0,Illinois
1610,C4118,2005,0.71,0.0,0.0,20,0,0,Missouri
1611,C4118,2005,0.71,0.0,0.0,20,0,0,Illinois
1612,C4118,2006,0.57,0.0,0.0,18,0,0,Missouri
1613,C4118,2006,0.57,0.0,0.0,18,0,0,Illinois
1614,C4142,2001,0.0,0.0,0.0,0,0,0,Oregon
1615,C4142,2002,0.0,0.0,0.0,0,0,0,Oregon
1616,C4142,2003,0.0,0.0,0.0,0,0,0,Oregon
1617,C4142,2004,1.12,0.0,0.0,4,0,0,Oregon
1618,C4142,2005,1.28,0.0,0.0,5,0,0,Oregon
1619,C4142,2006,1.1,0.0,0.0,5,0,0,Oregon
1620,C4150,2001,0.0,0.0,0.0,0,0,0,California
1621,C4150,2002,0.0,0.0,0.0,0,0,0,California
1622,C4150,2003,0.0,0.0,0.0,0,0,0,California
1623,C4150,2004,0.68,0.0,0.0,3,0,0,California
1624,C4150,2005,0.89,0.0,0.0,4,0,0,California
1625,C4150,2006,0.38,0.0,0.0,2,0,0,California
1626,C4162,2001,0.0,0.0,0.0,0,0,0,Utah
1627,C4162,2002,0.0,0.0,0.0,0,0,0,Utah
1628,C4162,2003,0.0,0.0,0.0,0,0,0,Utah
1629,C4162,2004,2.1,0.0,0.0,29,0,0,Utah
1630,C4162,2005,1.97,0.0,0.0,30,0,0,Utah
1631,C4162,2006,1.74,0.0,0.0,31,0,0,Utah
1632,C4166,2006,0.85,0.0,0.0,1,0,0,Texas
1633,C4170,2001,0.0,0.0,0.0,0,0,0,Texas
1634,C4170,2002,0.0,0.0,0.0,0,0,0,Texas
1635,C4170,2003,0.0,0.0,0.0,0,0,0,Texas
1636,C4170,2004,0.96,0.0,0.0,13,0,0,Texas
1637,C4170,2005,1.04,0.0,0.0,15,0,0,Texas
1638,C4170,2006,1.03,0.0,0.0,17,0,0,Texas
1639,C4174,1996,0.91,1.55,0.83,6,208,29285,California
1640,C4174,1997,1.27,0.9,0.8,9,137,32162,California
1641,C4174,1998,1.23,0.63,0.81,11,98,48654,California
1642,C4174,1999,1.11,0.8,0.7,17,189,47746,California
1643,C4174,2000,1.29,0.83,0.84,38,367,63626,California
1644,C4174,2001,1.42,0.76,0.85,51,311,64744,California
1645,C4174,2002,1.27,0.78,0.89,43,253,65566,California
1646,C4174,2003,1.32,2.47,1.02,42,717,73948,California
1647,C4174,2004,1.26,2.58,1.07,40,742,82131,California
1648,C4174,2005,0.99,2.75,1.01,33,853,80882,California
1649,C4174,2006,1.02,2.71,1.09,40,922,90807,California
1650,C4178,2002,0.0,0.0,0.0,0,0,0,Ohio
1651,C4178,2003,0.0,0.0,0.0,0,0,0,Ohio
1652,C4178,2004,1.27,0.0,0.0,1,0,0,Ohio
1653,C4178,2005,1.22,0.0,0.0,1,0,0,Ohio
1654,C4178,2006,1.12,0.0,0.0,1,0,0,Ohio
1655,C4186,1990,0.53,0.4,0.94,6,115,31129,California
1656,C4186,1991,1.0,0.51,0.82,12,132,28900,California
1657,C4186,1992,1.04,0.86,0.72,12,177,26499,California
1658,C4186,1993,1.27,1.08,0.8,14,203,31346,California
1659,C4186,1994,1.47,1.0,0.93,15,190,37118,California
1660,C4186,1995,1.59,1.18,1.16,18,239,49472,California
1661,C4186,1996,2.01,1.66,1.22,26,412,55864,California
1662,C4186,1997,2.41,2.75,1.1,34,767,57991,California
1663,C4186,1998,2.25,2.98,0.88,40,831,69720,California
1664,C4186,1999,2.72,4.69,0.91,82,1968,81972,California
1665,C4186,2000,3.03,6.84,0.8,175,5413,84666,California
1666,C4186,2001,0.0,0.0,0.0,0,0,0,California
1667,C4186,2002,0.0,0.0,0.0,0,0,0,California
1668,C4186,2003,0.0,0.0,0.0,0,0,0,California
1669,C4186,2004,1.74,0.0,0.0,98,0,0,California
1670,C4186,2005,1.71,0.0,0.0,99,0,0,California
1671,C4186,2006,1.85,0.0,0.0,124,0,0,California
1672,C4194,1991,1.47,0.18,0.88,6,21,34715,California
1673,C4194,1992,1.56,0.14,0.98,6,13,40736,California
1674,C4194,1993,1.64,0.11,1.19,6,9,52421,California
1675,C4194,1994,2.03,0.3,1.25,7,26,56401,California
1676,C4194,1995,2.61,0.9,0.95,10,85,48355,California
1677,C4194,1996,2.69,1.85,1.12,12,220,61067,California
1678,C4194,1997,2.23,3.61,1.23,11,492,78535,California
1679,C4194,1998,2.56,5.47,1.04,16,745,99576,California
1680,C4194,1999,3.58,6.01,1.05,38,1208,125240,California
1681,C4194,2000,3.64,5.24,0.81,73,2040,124313,California
1682,C4194,2001,3.18,4.85,0.95,76,1662,123684,California
1683,C4194,2002,2.9,2.67,0.85,63,647,100511,California
1684,C4194,2003,2.46,1.79,0.72,49,360,83600,California
1685,C4194,2004,2.49,2.13,0.69,49,416,87346,California
1686,C4194,2005,1.93,2.04,0.73,40,426,96258,California
1687,C4194,2006,1.85,2.56,0.75,45,592,104392,California
1688,C4198,2001,0.0,0.0,0.0,0,0,0,Puerto Rico
1689,C4198,2002,0.0,0.0,0.0,0,0,0,Puerto Rico
1690,C4198,2003,0.0,0.0,0.0,0,0,0,Puerto Rico
1691,C4198,2004,0.07,0.0,0.0,1,0,0,Puerto Rico
1692,C4198,2005,0.19,0.0,0.0,3,0,0,Puerto Rico
1693,C4198,2006,0.27,0.0,0.0,5,0,0,Puerto Rico
1694,C4202,2001,0.0,0.0,0.0,0,0,0,California
1695,C4202,2002,0.0,0.0,0.0,0,0,0,California
1696,C4202,2003,0.0,0.0,0.0,0,0,0,California
1697,C4202,2004,0.94,0.0,0.0,3,0,0,California
1698,C4202,2005,0.6,0.0,0.0,2,0,0,California
1699,C4202,2006,0.52,0.0,0.0,2,0,0,California
1700,C4206,2001,0.0,0.0,0.0,0,0,0,
1701,C4206,2002,2.21,3.47,0.95,12,161,61637,
1702,C4206,2003,0.0,0.0,0.0,0,0,0,
1703,C4206,2004,1.66,0.0,0.0,8,0,0,
1704,C4206,2005,1.2,0.0,0.0,6,0,0,
1705,C4206,2006,1.03,0.0,0.0,6,0,0,
1706,C4210,2001,0.0,0.0,0.0,0,0,0,California
1707,C4210,2002,0.0,0.0,0.0,0,0,0,California
1708,C4210,2003,0.0,0.0,0.0,0,0,0,California
1709,C4210,2004,1.3,0.0,0.0,4,0,0,California
1710,C4210,2005,1.56,0.0,0.0,5,0,0,California
1711,C4210,2006,1.61,0.0,0.0,6,0,0,California
1712,C4214,2001,0.0,0.0,0.0,0,0,0,New Mexico
1713,C4214,2002,0.0,0.0,0.0,0,0,0,New Mexico
1714,C4214,2003,0.0,0.0,0.0,0,0,0,New Mexico
1715,C4214,2004,2.07,0.0,0.0,4,0,0,New Mexico
1716,C4214,2005,1.48,0.86,0.45,3,13,27356,New Mexico
1717,C4214,2006,0.87,0.0,0.0,2,0,0,New Mexico
1718,C4222,2001,0.0,0.0,0.0,0,0,0,California
1719,C4222,2002,0.0,0.0,0.0,0,0,0,California
1720,C4222,2003,0.47,0.09,0.73,3,4,48689,California
1721,C4222,2004,0.63,0.26,0.88,4,11,61319,California
1722,C4222,2005,0.46,0.31,1.01,3,14,73591,California
1723,C4222,2006,0.4,0.0,0.0,3,0,0,California
1724,C4226,2001,0.0,0.0,0.0,0,0,0,
1725,C4226,2002,0.0,0.0,0.0,0,0,0,
1726,C4226,2003,0.0,0.0,0.0,0,0,0,
1727,C4226,2004,1.44,0.0,0.0,11,0,0,
1728,C4226,2005,1.84,0.0,0.0,16,0,0,
1729,C4226,2006,1.68,0.0,0.0,17,0,0,
1730,C4234,2001,0.0,0.0,0.0,0,0,0,Georgia
1731,C4234,2002,0.9,0.2,0.63,3,7,36760,Georgia
1732,C4234,2003,0.0,0.0,0.0,0,0,0,Georgia
1733,C4234,2004,1.0,0.0,0.0,3,0,0,Georgia
1734,C4234,2005,1.24,0.0,0.0,4,0,0,Georgia
1735,C4234,2006,0.81,0.0,0.0,3,0,0,Georgia
1736,C4254,2001,0.0,0.0,0.0,0,0,0,Pennsylvania
1737,C4254,2002,0.0,0.0,0.0,0,0,0,Pennsylvania
1738,C4254,2003,0.0,0.0,0.0,0,0,0,Pennsylvania
1739,C4254,2004,0.57,0.0,0.0,3,0,0,Pennsylvania
1740,C4254,2005,0.18,0.0,0.0,1,0,0,Pennsylvania
1741,C4254,2006,0.16,0.0,0.0,1,0,0,Pennsylvania
1742,C4266,2001,0.0,0.0,0.0,0,0,0,Washington
1743,C4266,2002,0.0,0.0,0.0,0,0,0,Washington
1744,C4266,2003,2.5,2.37,0.93,116,842,74542,Washington
1745,C4266,2004,2.15,0.0,0.0,89,0,0,Washington
1746,C4266,2005,2.19,0.0,0.0,93,0,0,Washington
1747,C4266,2006,1.98,4.04,0.93,95,1724,83383,Washington
1748,C4310,2001,0.0,0.0,0.0,0,0,0,Wisconsin
1749,C4310,2002,0.0,0.0,0.0,0,0,0,Wisconsin
1750,C4310,2003,0.0,0.0,0.0,0,0,0,Wisconsin
1751,C4310,2004,1.0,0.0,0.0,1,0,0,Wisconsin
1752,C4310,2005,1.88,0.0,0.0,2,0,0,Wisconsin
1753,C4310,2006,1.59,0.0,0.0,2,0,0,Wisconsin
1754,C4334,2001,0.0,0.0,0.0,0,0,0,Louisiana
1755,C4334,2003,0.0,0.0,0.0,0,0,0,Louisiana
1756,C4334,2004,0.84,0.0,0.0,3,0,0,Louisiana
1757,C4334,2005,0.78,0.42,1.0,3,17,58514,Louisiana
1758,C4334,2006,0.69,0.0,0.0,3,0,0,Louisiana
1759,C4358,2001,0.0,0.0,0.0,0,0,0,Iowa
1760,C4358,2001,0.0,0.0,0.0,0,0,0,South Dakota
1761,C4358,2001,0.0,0.0,0.0,0,0,0,Nebraska
1762,C4358,2002,0.0,0.0,0.0,0,0,0,Iowa
1763,C4358,2002,0.0,0.0,0.0,0,0,0,South Dakota
1764,C4358,2002,0.0,0.0,0.0,0,0,0,Nebraska
1765,C4358,2003,0.0,0.0,0.0,0,0,0,Iowa
1766,C4358,2003,0.0,0.0,0.0,0,0,0,South Dakota
1767,C4358,2003,0.0,0.0,0.0,0,0,0,Nebraska
1768,C4358,2004,0.64,0.0,0.0,1,0,0,Iowa
1769,C4358,2004,0.64,0.0,0.0,1,0,0,South Dakota
1770,C4358,2004,0.64,0.0,0.0,1,0,0,Nebraska
1771,C4358,2005,1.23,0.0,0.0,2,0,0,Iowa
1772,C4358,2005,1.23,0.0,0.0,2,0,0,South Dakota
1773,C4358,2005,1.23,0.0,0.0,2,0,0,Nebraska
1774,C4362,2001,0.0,0.0,0.0,0,0,0,South Dakota
1775,C4362,2002,0.0,0.0,0.0,0,0,0,South Dakota
1776,C4362,2004,0.0,0.0,0.0,0,0,0,South Dakota
1777,C4362,2005,0.69,0.0,0.0,2,0,0,South Dakota
1778,C4362,2006,0.9,0.0,0.0,3,0,0,South Dakota
1779,C4378,2001,0.0,0.0,0.0,0,0,0,Michigan
1780,C4378,2001,0.0,0.0,0.0,0,0,0,Indiana
1781,C4378,2002,0.0,0.0,0.0,0,0,0,Michigan
1782,C4378,2002,0.0,0.0,0.0,0,0,0,Indiana
1783,C4378,2003,0.0,0.0,0.0,0,0,0,Michigan
1784,C4378,2003,0.0,0.0,0.0,0,0,0,Indiana
1785,C4378,2004,0.79,0.0,0.0,2,0,0,Michigan
1786,C4378,2004,0.79,0.0,0.0,2,0,0,Indiana
1787,C4378,2005,0.38,0.0,0.0,1,0,0,Michigan
1788,C4378,2005,0.38,0.0,0.0,1,0,0,Indiana
1789,C4378,2006,0.34,0.0,0.0,1,0,0,Michigan
1790,C4378,2006,0.34,0.0,0.0,1,0,0,Indiana
1791,C4406,2001,0.0,0.0,0.0,0,0,0,Washington
1792,C4406,2002,0.0,0.0,0.0,0,0,0,Washington
1793,C4406,2003,0.68,0.25,0.44,4,11,23725,Washington
1794,C4406,2004,0.74,0.34,0.54,4,15,31276,Washington
1795,C4406,2005,0.72,0.55,0.53,4,26,31636,Washington
1796,C4406,2006,0.64,0.68,0.58,4,36,35998,Washington
1797,C4410,2004,0.51,0.0,0.0,1,0,0,Illinois
1798,C4410,2005,0.48,0.0,0.0,1,0,0,Illinois
1799,C4410,2006,0.85,0.0,0.0,2,0,0,Illinois
1800,C4414,1994,3.43,0.29,0.44,4,8,13114,Massachusetts
1801,C4414,1995,3.29,0.34,0.44,4,10,13790,Massachusetts
1802,C4414,2000,0.87,0.6,0.5,6,64,31867,Massachusetts
1803,C4414,2001,0.0,0.0,0.0,0,0,0,Massachusetts
1804,C4414,2002,0.0,0.0,0.0,0,0,0,Massachusetts
1805,C4414,2003,0.0,0.0,0.0,0,0,0,Massachusetts
1806,C4414,2004,0.93,0.0,0.0,7,0,0,Massachusetts
1807,C4414,2005,0.87,0.0,0.0,7,0,0,Massachusetts
1808,C4414,2006,0.92,0.0,0.0,8,0,0,Massachusetts
1809,C4418,2001,0.0,0.0,0.0,0,0,0,Missouri
1810,C4418,2002,0.0,0.0,0.0,0,0,0,Missouri
1811,C4418,2003,0.0,0.0,0.0,0,0,0,Missouri
1812,C4418,2004,1.0,0.13,0.58,4,5,31073,Missouri
1813,C4418,2005,1.17,0.18,0.49,5,8,27041,Missouri
1814,C4418,2006,0.62,0.0,0.0,3,0,0,Missouri
1815,C4430,2000,3.27,0.96,0.5,4,22,29666,Pennsylvania
1816,C4430,2001,7.05,1.74,0.58,11,37,34629,Pennsylvania
1817,C4430,2002,5.88,1.9,0.91,8,32,53154,Pennsylvania
1818,C4430,2003,4.18,1.44,1.12,5,21,63483,Pennsylvania
1819,C4430,2004,3.34,1.26,1.53,4,18,91536,Pennsylvania
1820,C4430,2005,2.34,0.0,0.0,3,0,0,Pennsylvania
1821,C4430,2006,2.08,0.0,0.0,3,0,0,Pennsylvania
1822,C4470,2001,0.0,0.0,0.0,0,0,0,California
1823,C4470,2002,0.0,0.0,0.0,0,0,0,California
1824,C4470,2003,0.0,0.0,0.0,0,0,0,California
1825,C4470,2004,0.34,0.0,0.0,2,0,0,California
1826,C4470,2005,0.16,0.0,0.0,1,0,0,California
1827,C4470,2006,0.41,0.0,0.0,3,0,0,California
1828,C4506,2001,0.0,0.0,0.0,0,0,0,New York
1829,C4506,2002,0.0,0.0,0.0,0,0,0,New York
1830,C4506,2003,0.0,0.0,0.0,0,0,0,New York
1831,C4506,2004,0.66,0.16,0.39,4,11,25247,New York
1832,C4506,2005,0.94,0.0,0.0,6,0,0,New York
1833,C4506,2006,0.84,0.0,0.0,6,0,0,New York
1834,C4522,2001,1.21,0.67,0.63,5,37,36810,Florida
1835,C4522,2002,1.33,0.72,0.7,5,31,40069,Florida
1836,C4522,2003,0.0,0.0,0.0,0,0,0,Florida
1837,C4522,2004,1.52,0.0,0.0,5,0,0,Florida
1838,C4522,2005,0.84,0.0,0.0,3,0,0,Florida
1839,C4522,2006,0.73,0.0,0.0,3,0,0,Florida
1840,C4530,1993,0.69,0.04,0.97,3,4,26526,Florida
1841,C4530,1994,0.73,0.03,1.37,3,3,38081,Florida
1842,C4530,1997,0.82,0.11,0.72,5,17,25316,Florida
1843,C4530,1998,0.95,0.3,0.81,7,44,43022,Florida
1844,C4530,1999,1.25,0.52,0.69,15,114,40161,Florida
1845,C4530,2000,1.18,0.75,0.84,29,312,52724,Florida
1846,C4530,2001,0.0,0.0,0.0,0,0,0,Florida
1847,C4530,2002,1.12,0.48,0.71,31,144,43352,Florida
1848,C4530,2003,1.01,0.4,0.6,26,105,35988,Florida
1849,C4530,2004,0.87,0.39,0.64,23,104,41041,Florida
1850,C4530,2005,1.16,0.0,0.0,34,0,0,Florida
1851,C4530,2006,1.39,0.0,0.0,47,0,0,Florida
1852,C4578,2002,0.0,0.0,0.0,0,0,0,Ohio
1853,C4578,2003,0.0,0.0,0.0,0,0,0,Ohio
1854,C4578,2004,0.34,0.0,0.0,2,0,0,Ohio
1855,C4578,2005,0.32,0.0,0.0,2,0,0,Ohio
1856,C4578,2006,0.44,0.0,0.0,3,0,0,Ohio
1857,C4582,2001,0.0,0.0,0.0,0,0,0,Kansas
1858,C4582,2002,0.0,0.0,0.0,0,0,0,Kansas
1859,C4582,2003,0.0,0.0,0.0,0,0,0,Kansas
1860,C4582,2005,0.88,0.0,0.0,2,0,0,Kansas
1861,C4582,2006,0.79,0.0,0.0,2,0,0,Kansas
1862,C4594,2001,0.0,0.0,0.0,0,0,0,New Jersey
1863,C4594,2002,0.94,0.3,0.79,4,17,71460,New Jersey
1864,C4594,2003,1.52,0.3,0.75,6,15,65974,New Jersey
1865,C4594,2004,1.53,0.0,0.0,6,0,0,New Jersey
1866,C4594,2005,0.72,0.0,0.0,3,0,0,New Jersey
1867,C4594,2006,0.64,0.0,0.0,3,0,0,New Jersey
1868,C4606,2001,0.0,0.0,0.0,0,0,0,Arizona
1869,C4606,2002,0.0,0.0,0.0,0,0,0,Arizona
1870,C4606,2003,0.75,0.13,0.89,5,10,52215,Arizona
1871,C4606,2004,0.61,0.0,0.0,4,0,0,Arizona
1872,C4606,2005,0.84,0.0,0.0,6,0,0,Arizona
1873,C4606,2006,0.71,0.37,0.95,6,35,64073,Arizona
1874,C4614,2001,0.0,0.0,0.0,0,0,0,Oklahoma
1875,C4614,2002,0.0,0.0,0.0,0,0,0,Oklahoma
1876,C4614,2003,0.0,0.0,0.0,0,0,0,Oklahoma
1877,C4614,2004,0.58,0.0,0.0,5,0,0,Oklahoma
1878,C4614,2005,0.66,0.19,1.02,6,18,65158,Oklahoma
1879,C4614,2006,0.77,0.0,0.0,8,0,0,Oklahoma
1880,C4622,2001,0.0,0.0,0.0,0,0,0,Alabama
1881,C4622,2002,0.0,0.0,0.0,0,0,0,Alabama
1882,C4622,2003,0.0,0.0,0.0,0,0,0,Alabama
1883,C4622,2004,0.59,0.0,0.0,1,0,0,Alabama
1884,C4622,2005,1.1,0.0,0.0,2,0,0,Alabama
1885,C4622,2006,0.98,0.0,0.0,2,0,0,Alabama
1886,C4670,2001,1.02,0.29,0.93,4,12,61950,California
1887,C4670,2002,1.37,0.28,1.09,5,9,69798,California
1888,C4670,2003,0.0,0.0,0.0,0,0,0,California
1889,C4670,2004,1.15,0.0,0.0,4,0,0,California
1890,C4670,2005,0.55,0.0,0.0,2,0,0,California
1891,C4670,2006,0.24,0.0,0.0,1,0,0,California
1892,C4694,2001,0.0,0.0,0.0,0,0,0,
1893,C4694,2002,0.0,0.0,0.0,0,0,0,
1894,C4722,2001,0.0,0.0,0.0,0,0,0,New Jersey
1895,C4722,2002,0.0,0.0,0.0,0,0,0,New Jersey
1896,C4726,2001,0.0,0.0,0.0,0,0,0,Virginia
1897,C4726,2001,0.0,0.0,0.0,0,0,0,North Carolina
1898,C4726,2002,0.74,0.5,0.91,11,92,52843,Virginia
1899,C4726,2002,0.74,0.5,0.91,11,92,52843,North Carolina
1900,C4726,2003,0.82,0.5,0.86,11,82,49593,Virginia
1901,C4726,2003,0.82,0.5,0.86,11,82,49593,North Carolina
1902,C4726,2004,0.83,0.53,0.78,11,87,47461,Virginia
1903,C4726,2004,0.83,0.53,0.78,11,87,47461,North Carolina
1904,C4726,2005,0.83,0.59,0.82,12,104,51779,Virginia
1905,C4726,2005,0.83,0.59,0.82,12,104,51779,North Carolina
1906,C4726,2006,0.79,0.72,0.75,13,137,49337,Virginia
1907,C4726,2006,0.79,0.72,0.75,13,137,49337,North Carolina
1908,C4730,2001,0.0,0.0,0.0,0,0,0,California
1909,C4730,2002,0.0,0.0,0.0,0,0,0,California
1910,C4730,2003,0.0,0.0,0.0,0,0,0,California
1911,C4730,2004,0.32,0.0,0.0,1,0,0,California
1912,C4730,2005,0.31,0.0,0.0,1,0,0,California
1913,C4730,2006,0.26,0.0,0.0,1,0,0,California
1914,C4738,2001,0.0,0.0,0.0,0,0,0,Texas
1915,C4738,2002,0.0,0.0,0.0,0,0,0,Texas
1916,C4738,2003,0.0,0.0,0.0,0,0,0,Texas
1917,C4790,2001,0.0,0.0,0.0,0,0,0,Virginia
1918,C4790,2001,0.0,0.0,0.0,0,0,0,Maryland
1919,C4790,2001,0.0,0.0,0.0,0,0,0,West Virginia
1920,C4790,2001,0.0,0.0,0.0,0,0,0,District of Columbia
1921,C4790,2002,0.0,0.0,0.0,0,0,0,Virginia
1922,C4790,2002,0.0,0.0,0.0,0,0,0,Maryland
1923,C4790,2002,0.0,0.0,0.0,0,0,0,West Virginia
1924,C4790,2002,0.0,0.0,0.0,0,0,0,District of Columbia
1925,C4790,2003,0.0,0.0,0.0,0,0,0,Virginia
1926,C4790,2003,0.0,0.0,0.0,0,0,0,Maryland
1927,C4790,2003,0.0,0.0,0.0,0,0,0,West Virginia
1928,C4790,2003,0.0,0.0,0.0,0,0,0,District of Columbia
1929,C4790,2004,1.85,0.0,0.0,106,0,0,Virginia
1930,C4790,2004,1.85,0.0,0.0,106,0,0,Maryland
1931,C4790,2004,1.85,0.0,0.0,106,0,0,West Virginia
1932,C4790,2004,1.85,0.0,0.0,106,0,0,District of Columbia
1933,C4790,2005,1.94,0.0,0.0,120,0,0,Virginia
1934,C4790,2005,1.94,0.0,0.0,120,0,0,Maryland
1935,C4790,2005,1.94,0.0,0.0,120,0,0,West Virginia
1936,C4790,2005,1.94,0.0,0.0,120,0,0,District of Columbia
1937,C4790,2006,1.89,0.0,0.0,133,0,0,Virginia
1938,C4790,2006,1.89,0.0,0.0,133,0,0,Maryland
1939,C4790,2006,1.89,0.0,0.0,133,0,0,West Virginia
1940,C4790,2006,1.89,0.0,0.0,133,0,0,District of Columbia
1941,C4794,2006,0.0,0.0,0.0,0,0,0,Iowa
1942,C4814,2001,0.0,0.0,0.0,0,0,0,Wisconsin
1943,C4814,2002,0.0,0.0,0.0,0,0,0,Wisconsin
1944,C4814,2003,0.0,0.0,0.0,0,0,0,Wisconsin
1945,C4862,2001,0.0,0.0,0.0,0,0,0,Kansas
1946,C4862,2002,0.0,0.0,0.0,0,0,0,Kansas
1947,C4862,2006,0.16,0.0,0.0,1,0,0,Kansas
1948,C4866,2003,0.0,0.0,0.0,0,0,0,Texas
1949,C4866,2004,1.52,0.0,0.0,2,0,0,Texas
1950,C4866,2005,1.46,0.0,0.0,2,0,0,Texas
1951,C4866,2006,0.65,0.0,0.0,1,0,0,Texas
1952,C4870,2001,0.0,0.0,0.0,0,0,0,Pennsylvania
1953,C4870,2002,0.0,0.0,0.0,0,0,0,Pennsylvania
1954,C4870,2003,0.0,0.0,0.0,0,0,0,Pennsylvania
1955,C4870,2004,1.79,0.0,0.0,2,0,0,Pennsylvania
1956,C4870,2005,0.87,0.0,0.0,1,0,0,Pennsylvania
1957,C4870,2006,0.77,0.0,0.0,1,0,0,Pennsylvania
1958,C4890,2001,0.0,0.0,0.0,0,0,0,North Carolina
1959,C4890,2002,0.0,0.0,0.0,0,0,0,North Carolina
1960,C4890,2003,0.0,0.0,0.0,0,0,0,North Carolina
1961,C4890,2004,0.57,0.0,0.0,2,0,0,North Carolina
1962,C4890,2005,0.26,0.0,0.0,1,0,0,North Carolina
1963,C4890,2006,0.22,0.0,0.0,1,0,0,North Carolina
1964,C4902,2001,0.0,0.0,0.0,0,0,0,West Virginia
1965,C4902,2001,0.0,0.0,0.0,0,0,0,Virginia
1966,C4902,2002,0.0,0.0,0.0,0,0,0,West Virginia
1967,C4902,2002,0.0,0.0,0.0,0,0,0,Virginia
1968,C4902,2003,0.0,0.0,0.0,0,0,0,West Virginia
1969,C4902,2003,0.0,0.0,0.0,0,0,0,Virginia
1970,C4902,2004,2.61,0.0,0.0,3,0,0,West Virginia
1971,C4902,2004,2.61,0.0,0.0,3,0,0,Virginia
1972,C4902,2005,2.42,2.86,1.33,3,37,82135,West Virginia
1973,C4902,2005,2.42,2.86,1.33,3,37,82135,Virginia
1974,C4902,2006,1.44,0.0,0.0,2,0,0,West Virginia
1975,C4902,2006,1.44,0.0,0.0,2,0,0,Virginia
1976,C4918,2001,0.79,0.04,0.69,4,3,45301,North Carolina
1977,C4918,2002,0.0,0.0,0.0,0,0,0,North Carolina
1978,C4918,2003,0.0,0.0,0.0,0,0,0,North Carolina
1979,C4918,2004,0.26,0.0,0.0,1,0,0,North Carolina
1980,C4918,2005,0.24,0.0,0.0,1,0,0,North Carolina
1981,C4918,2006,0.21,0.0,0.0,1,0,0,North Carolina
1982,C4934,1996,1.9,0.57,1.11,3,22,40824,Massachusetts
1983,C4934,1996,1.9,0.57,1.11,3,22,40824,Connecticut
1984,C4934,1998,1.85,0.9,0.69,4,39,42732,Massachusetts
1985,C4934,1998,1.85,0.9,0.69,4,39,42732,Connecticut
1986,C4934,1999,1.92,0.88,0.59,7,56,39696,Massachusetts
1987,C4934,1999,1.92,0.88,0.59,7,56,39696,Connecticut
1988,C4934,2000,1.5,0.67,0.6,11,79,44757,Massachusetts
1989,C4934,2000,1.5,0.67,0.6,11,79,44757,Connecticut
1990,C4934,2001,1.36,1.82,0.86,12,197,63501,Massachusetts
1991,C4934,2001,1.36,1.82,0.86,12,197,63501,Connecticut
1992,C4934,2002,1.35,2.02,0.82,11,168,57905,Massachusetts
1993,C4934,2002,1.35,2.02,0.82,11,168,57905,Connecticut
1994,C4934,2003,1.59,1.58,0.77,12,115,53892,Massachusetts
1995,C4934,2003,1.59,1.58,0.77,12,115,53892,Connecticut
1996,C4934,2004,1.46,1.06,0.73,11,76,53561,Massachusetts
1997,C4934,2004,1.46,1.06,0.73,11,76,53561,Connecticut
1998,C4934,2005,1.62,1.2,0.77,13,91,57417,Massachusetts
1999,C4934,2005,1.62,1.2,0.77,13,91,57417,Connecticut
2000,C4934,2006,1.6,1.59,0.85,14,132,65942,Massachusetts
2001,C4934,2006,1.6,1.59,0.85,14,132,65942,Connecticut
2002,C4942,2002,0.0,0.0,0.0,0,0,0,Washington
2003,C4942,2006,0.3,0.0,0.0,1,0,0,Washington
2004,C4962,2002,0.0,0.0,0.0,0,0,0,Pennsylvania
2005,C4962,2003,0.0,0.0,0.0,0,0,0,Pennsylvania
2006,C4962,2004,0.64,0.0,0.0,2,0,0,Pennsylvania
2007,C4962,2005,0.6,0.0,0.0,2,0,0,Pennsylvania
2008,C4962,2006,0.79,0.11,1.01,3,5,68428,Pennsylvania
2009,C4966,2001,0.0,0.0,0.0,0,0,0,Ohio
2010,C4966,2001,0.0,0.0,0.0,0,0,0,Pennsylvania
2011,C4966,2002,0.0,0.0,0.0,0,0,0,Ohio
2012,C4966,2002,0.0,0.0,0.0,0,0,0,Pennsylvania
2013,C4966,2003,0.0,0.0,0.0,0,0,0,Ohio
2014,C4966,2003,0.0,0.0,0.0,0,0,0,Pennsylvania
2015,C4966,2004,0.19,0.0,0.0,1,0,0,Ohio
2016,C4966,2004,0.19,0.0,0.0,1,0,0,Pennsylvania
2017,C4966,2005,0.18,0.0,0.0,1,0,0,Ohio
2018,C4966,2005,0.18,0.0,0.0,1,0,0,Pennsylvania
2019,C4966,2006,0.16,0.0,0.0,1,0,0,Ohio
2020,C4966,2006,0.16,0.0,0.0,1,0,0,Pennsylvania
2021,C4970,2001,0.0,0.0,0.0,0,0,0,California
2022,C4970,2002,1.74,0.88,0.56,3,10,30279,California
2023,C4970,2003,0.0,0.0,0.0,0,0,0,California
2024,C4970,2004,0.65,0.0,0.0,1,0,0,California
2025,C4970,2005,0.62,0.0,0.0,1,0,0,California
2026,C4970,2006,0.54,0.0,0.0,1,0,0,California
