,msa_code,lat,lon,nearest_dist,nearest_location
0,C1202,33.94900784,-83.21378797,110.43413501475223,Atlanta
1,C1206,33.69276543,-84.3995723,6.890451611689225,Atlanta
2,C1210,39.46882951,-74.63373043,97.86119462939868,Princeton
3,C1212,31.12612255,-87.16161987,391.368029975156,Atlanta
4,C1214,41.39758002,-84.99908428,143.6465155734078,Ann Arbor
5,C1218,43.01032673,-76.57435821,63.25459200368908,Ithaca
6,C1222,32.60113648,-85.3555627,156.723719839695,Atlanta
7,C1226,33.46103573,-81.98292935,224.93776164000982,Atlanta
8,C1230,44.40916014,-69.7672644,251.01347140674923,Cambridge
9,C1238,43.67147004,-92.75251359,446.69804596594815,Argonne
10,C1242,30.26260902,-97.65444656,228.31519893806083,Houston
11,C1246,30.87834411,-84.57907015,320.24291129116295,Atlanta
12,C1254,35.34284737,-118.72990039999999,325.9246521213335,San Diego
13,C1258,39.30554235,-76.55100877,48.4349519835297,College Park
14,C1262,45.40051232,-68.64942813,390.0609185499507,Cambridge
15,C1266,43.42666338,-89.94821667,249.7794360936029,Argonne
16,C1268,37.80513127,-85.46598859,351.6968490743374,Urbana-Champaign
17,C1270,41.77344927,-70.23813749,98.17610657401566,Cambridge
18,C1274,44.27338448,-72.61497835,243.7819052523118,Cambridge
19,C1278,36.71523382,-95.90436618,459.9276745151192,Lincoln
20,C1286,43.00093328,-78.19371144,151.44264416062092,Ithaca
21,C1290,35.92675014,-91.53005469,547.546688397517,Urbana-Champaign
22,C1294,30.51788591,-91.12721623,415.7401389459137,Houston
23,C1298,42.24653947,-85.00558349,104.85842588608118,Ann Arbor
24,C1302,43.72136559,-83.94183509,161.22227293713374,Ann Arbor
25,C1306,28.78565055,-96.00398076,124.16630098571163,Houston
26,C1310,40.2619297,-96.68944144,60.5973416658174,Lincoln
27,C1314,30.07647141,-94.20136011,117.2819775749685,Houston
28,C1318,43.41629505,-88.70750674,198.90063461215178,Argonne
29,C1322,37.90623363,-81.16090366,299.1629252821479,Pittsburgh
30,C1326,38.84116289,-86.48345113,207.17178873994382,Urbana-Champaign
31,C1330,28.41739323,-97.74119013,274.88266396792443,Houston
32,C1334,40.38847334,-83.76585017,210.30216093217476,Ann Arbor
33,C1338,48.82961587,-121.8728213,140.22669553313517,Seattle
34,C1342,47.973782899999996,-94.93765445,808.8249031058575,Lincoln
35,C1346,43.9150098,-121.2281418,419.2694426010977,Seattle
36,C1350,34.60206033,-79.67872262,443.1667406669521,Atlanta
37,C1354,43.03545269,-73.09296062,177.91529226816692,Cambridge
38,C1362,44.68949562,-71.30553334,257.99398663476467,Cambridge
39,C1366,43.64076819,-85.32463355,199.24657236393458,Ann Arbor
40,C1370,32.3061695,-101.4355055,644.9014412474954,Houston
41,C1372,36.97442753,-82.62129298,392.23903910504447,Atlanta
42,C1374,45.6399729,-108.82187590000001,596.7406435253183,Salt Lake City
43,C1378,42.16447362,-76.02513267,50.02998373000252,Ithaca
44,C1382,33.40368233,-86.72819336,220.4083241855065,Atlanta
45,C1390,46.88407538,-100.9786102,758.2507591343405,Lincoln
46,C1394,43.21655805,-112.3980785,276.2654940598402,Salt Lake City
47,C1398,37.18690725,-80.59236264,365.46675210650875,Pittsburgh
48,C1401,40.49089162,-88.84732428,66.00574346637926,Urbana-Champaign
49,C1402,39.23471224,-86.67594057,166.1509304110479,Urbana-Champaign
50,C1410,41.04424724,-76.45900771,155.68203420386806,Ithaca
51,C1414,37.21851898,-81.29614002,375.55542773262374,Pittsburgh
52,C1418,35.76390165,-90.05416601,509.32666627230736,Urbana-Champaign
53,C1422,30.85334331,-90.04052688,525.0136240024987,Houston
54,C1426,43.01601416,-116.14324209999998,432.0930102201618,Salt Lake City
55,C1430,33.5938098,-96.10682768,433.24664300820405,Houston
56,C1438,36.23110628,-81.69642507,368.6448664190866,Atlanta
57,C1442,35.84002597,-101.3546994,577.3316663004608,Boulder
58,C1446,42.51789922,-71.02192716,17.615394605656835,Cambridge
59,C1450,40.09245977,-105.3577057,11.368830804149814,Boulder
60,C1454,37.03868663,-86.40706193,377.6004308316337,Urbana-Champaign
61,C1458,45.5403895,-111.170369,534.6682425613642,Salt Lake City
62,C1462,41.80774761,-78.56902513,184.5670471519871,Ithaca
63,C1466,46.79913359,-94.24339922,694.35294597867,Lincoln
64,C1470,36.6547348,-93.04110711,559.2381940856743,Lincoln
65,C1472,39.63417081,-106.1163791,83.72926239431783,Boulder
66,C1474,47.6396466,-122.6491764,24.055073001094826,Seattle
67,C1478,30.21453043,-96.40344376,113.13563476245429,Houston
68,C1482,35.20217786,-82.79830013,217.08393367420723,Atlanta
69,C1486,41.22496008,-73.37120461,145.77251972018072,Princeton
70,C1502,31.53238439,-90.45397124,509.28177563740803,Houston
71,C1506,42.46658066,-124.21522069999999,585.921642757734,Palo Alto
72,C1510,44.36967961,-96.79042101,396.2676842573438,Lincoln
73,C1514,35.58322184,-89.2838358,491.8433288265321,Atlanta
74,C1518,26.15134127,-97.45296801,449.9051965619347,Houston
75,C1522,31.77426242,-98.99979418,414.3543974977624,Houston
76,C1526,31.30553451,-81.58717390000001,378.08232930595113,Atlanta
77,C1534,40.85077257,-82.9197777,172.65279939664546,Ann Arbor
78,C1538,43.037867799999994,-78.77538440000001,197.05247873797302,Ithaca
79,C1542,42.41485936,-113.6086705,232.87180660359473,Salt Lake City
80,C1714,39.10064929,-84.48115992,341.4820012591491,Urbana-Champaign
81,C1722,39.28859436,-80.43042376,133.36015937422704,Pittsburgh
82,C1726,34.22916559,-90.60268702,575.453415798742,Atlanta
83,C1730,36.69294910000001,-87.62305579,384.48636279364683,Urbana-Champaign
84,C1734,39.09964534,-122.75318390000001,191.8752588048794,Palo Alto
85,C1738,33.79553898,-90.88040091,600.1574501145188,Atlanta
86,C1742,35.13455972,-84.66740988,155.68787004399903,Atlanta
87,C1746,41.59235356,-81.66123597,187.56339281825586,Ann Arbor
88,C1750,26.55348985,-81.16590125,858.270965514747,Atlanta
89,C1754,41.89803581,-90.53197243,212.39599353697736,Argonne
90,C1758,34.57419148,-103.34702920000001,628.4133792317915,Boulder
91,C1762,18.09730467,-66.36016992,2498.1255514443314,Atlanta
92,C1764,17.97295401,-66.26197566,2515.340275253577,Atlanta
93,C1766,47.67435663,-116.70176200000002,421.8055009999531,Seattle
94,C1770,37.1925238,-95.74287808,409.9949951381546,Lincoln
95,C1774,41.91611865,-85.05904436,116.70048458550365,Ann Arbor
96,C1778,30.75650952,-96.48891449,155.94289106248374,Houston
97,C1782,38.84250713,-104.6579328,140.5898029176188,Boulder
98,C1786,38.98381004,-92.5793299,392.45913367218964,Urbana-Champaign
99,C1790,34.09175324,-81.04245294,310.80123257144487,Atlanta
100,C1798,32.41820134,-84.84390503,154.50293918137183,Atlanta
101,C1802,39.20597057,-85.89760297,224.86856685412673,Urbana-Champaign
102,C1806,33.47290927,-88.44331349,376.95728584745365,Atlanta
103,C1810,41.57128677,-97.52115699999999,110.26939473907662,Lincoln
104,C1814,39.96812753,-82.83677767,246.90448490260349,Pittsburgh
105,C1818,43.29749626,-71.68027646,112.7459557416112,Cambridge
106,C1822,39.64005585,-85.17872496,266.81032922203605,Urbana-Champaign
107,C1826,36.27800829,-85.46648232,297.4164421876931,Atlanta
108,C1830,43.18516215,-124.0933188,510.4335300095023,Seattle
109,C1838,31.92292992,-83.76810222,211.61128828162052,Atlanta
110,C1842,34.88077146,-88.58026456,405.0018853300729,Atlanta
111,C1846,34.63102561,-83.53113209,125.30959281842806,Atlanta
112,C1850,42.267809,-77.38380325,75.06764975415696,Ithaca
113,C1858,27.8386419,-97.51701843,299.0035908528538,Houston
114,C1862,32.04692918,-96.47248507,276.64789547105465,Houston
115,C1866,42.59500715,-76.07026691,39.1583576758057,Ithaca
116,C1870,44.49179904,-123.42924909999999,356.49780050970736,Seattle
117,C1874,40.30164138,-81.92001074,163.73086990351206,Pittsburgh
118,C1878,40.61842222,-108.2072906,257.8571783245106,Boulder
119,C1882,40.04037852,-86.89329980000001,115.17939628419835,Urbana-Champaign
120,C1886,41.74494237,-123.9578014,503.07751433746466,Palo Alto
121,C2222,36.10833579999999,-94.07548264,569.5327603698353,Lincoln
122,C2226,46.40879596,-95.70800215,627.8066111235028,Lincoln
123,C2228,39.02039772,-119.18919679999999,312.0210616368568,Palo Alto
124,C2230,41.00193838,-83.66653541,142.1735146759922,Ann Arbor
125,C2234,31.75978195,-83.22045897,247.0679613745503,Atlanta
126,C2238,35.83869567,-111.77051270000001,547.4124409165569,Salt Lake City
127,C2242,43.0217229,-83.70671104,82.54724992902615,Ann Arbor
128,C2250,34.15201945,-79.80845001,424.5245509896037,Atlanta
129,C2252,34.80820994,-87.7240012,328.2899475493802,Atlanta
130,C2254,43.75358946,-88.48826311,231.05482484348104,Argonne
131,C2258,35.40259563,-81.91983346,290.85419116553663,Atlanta
132,C2262,35.02199485,-90.74781155,600.4134196650574,Atlanta
133,C2266,40.66641722,-105.4611445,74.21549676757385,Boulder
134,C2270,42.42794917,-94.18177437,275.07592968196906,Lincoln
135,C2278,37.82462505,-92.20766254,426.9990165226784,Urbana-Champaign
136,C2280,40.47457295,-91.41309101,271.7421841236023,Urbana-Champaign
137,C2282,40.26274438,-103.80982220000001,127.18942661285116,Boulder
138,C2284,34.45977296,-85.80414264,152.32293835743403,Atlanta
139,C2286,31.108293699999997,-93.1841467,257.42512752008935,Houston
140,C2290,35.45748986,-94.30915431,629.9089479431167,Lincoln
141,C2306,41.107303,-85.21513399999999,179.31019975163525,Ann Arbor
142,C2314,40.3016906,-86.47515954,151.56152604343882,Urbana-Champaign
143,C2318,38.12390004,-84.93288871,361.40789909147446,Urbana-Champaign
144,C2324,30.318054800000002,-98.94648001,351.1169192303499,Houston
145,C2330,42.3518291,-89.66225429,156.09163590323115,Argonne
146,C2334,41.57788629,-96.6539834,85.76542074897957,Lincoln
147,C2338,41.35741643,-83.14391569,113.53685151393647,Ann Arbor
148,C2342,36.75818013,-119.6493226,233.85224540881413,Palo Alto
149,C2346,34.0452544,-86.03476232,155.55285033692567,Atlanta
150,C2350,35.04819981,-81.62042868,291.72534227604194,Atlanta
151,C2354,29.47914528,-82.63731615,503.3138631633292,Atlanta
152,C2358,34.3168901,-83.81967864,81.5319871287333,Atlanta
153,C2362,33.63920035,-97.21262613,466.66892569625753,Houston
154,C2366,40.93182798,-90.21323826,189.57800727193785,Urbana-Champaign
155,C2370,35.58066419,-108.26182309999999,558.6564735737885,Boulder
156,C2378,38.02663684,-100.97046479999999,432.2202340502267,Boulder
157,C2382,38.9122414,-119.616372,274.7693490810174,Palo Alto
158,C2386,33.41282518,-79.29919770000001,472.7183882200962,Atlanta
159,C2390,39.87145201,-77.21787979,100.95407237334487,College Park
160,C2394,44.2491689,-105.03632079999998,471.21592058838195,Boulder
161,C2398,36.97476956,-85.82160445,381.0604788487536,Atlanta
162,C1888,30.64017524,-86.3676248,393.19315344841704,Atlanta
163,C1890,35.95038791,-84.99835158,250.557024189055,Atlanta
164,C1898,34.13194107,-86.86761946,232.71587349536887,Atlanta
165,C1900,35.39168768,-83.32471943,206.4409542781262,Atlanta
166,C1906,39.53172019,-78.80442004,143.24023335701236,Pittsburgh
167,C1910,32.84950697,-96.97037655,377.1401115765613,Houston
168,C1914,34.79628158,-84.8481082,123.44555538988675,Atlanta
169,C1918,40.18340162,-87.73281521,44.03099492431591,Urbana-Champaign
170,C1922,37.51496128,-84.7334812,419.4026511476607,Atlanta
171,C1926,36.81114516,-79.39761773,324.4163488972054,College Park
172,C1930,30.66096966,-87.74984008,467.2803348623929,Atlanta
173,C1934,41.39687949,-90.46591177,209.58052552380144,Argonne
174,C1942,35.60871145,-84.92439609,212.04854456664287,Atlanta
175,C1943,39.82946151,-84.1419387,274.60016318802354,Ann Arbor
176,C1946,34.49063567,-87.10263586,263.1140315284889,Atlanta
177,C1950,39.86000279,-88.96155193,67.49924688740084,Urbana-Champaign
178,C1954,40.74565993,-84.93665472,197.8621792356913,Ann Arbor
179,C1958,41.323916100000005,-84.49049512,123.46626466337675,Ann Arbor
180,C1962,29.89296014,-101.1517152,559.049531022822,Houston
181,C1966,29.17994438,-81.18984081,591.9936838736891,Atlanta
182,C1970,32.18221555,-107.7497719,884.800408774412,San Diego
183,C1974,39.43371013,-104.8944088,72.19722194976582,Boulder
184,C1976,30.64846873,-93.34333899,217.90762611313514,Houston
185,C1978,41.57566735,-93.76183095,258.828877137995,Lincoln
186,C1982,42.71618189,-83.20581689,64.95037152981895,Ann Arbor
187,C1986,46.90934877,-102.9893262,788.320985824563,Boulder
188,C1994,41.74610544,-89.30030925,109.47810664242847,Argonne
189,C1998,37.69170363,-99.88794238,442.88539811839195,Lincoln
190,C2002,31.25289406,-85.46172515,295.7980184134144,Atlanta
191,C2006,31.45770233,-82.86038262,292.58661514118785,Atlanta
192,C2010,39.09595454,-75.5046137,124.33482117978143,College Park
193,C2014,32.50958936,-82.80749635,201.86715871094745,Atlanta
194,C2018,41.00019185,-78.47412511,142.54057891779004,Pittsburgh
195,C2022,42.46882243,-90.88252185,253.7967990988482,Argonne
196,C2026,47.36874724,-92.15102979999999,710.5248712182063,Argonne
197,C2030,35.83768725,-101.8929228,550.8200310228582,Boulder
198,C2034,34.48557985,-97.85153066,576.4961705568182,Houston
199,C2042,37.28658195,-107.84327069999999,376.7302699945294,Boulder
200,C2046,33.96224042,-96.25976209,476.05637387906523,Houston
201,C2050,36.062839399999994,-78.99706351,372.6607225734724,College Park
202,C2054,36.0590578,-89.41376595,462.624129909046,Urbana-Champaign
203,C2058,28.74259013,-100.3145142,493.6710744577551,Houston
204,C2066,38.74910018,-76.17861706,70.96166411500253,College Park
205,C2070,41.05806562,-75.33951546,97.52624468582216,Princeton
206,C2074,44.93880042,-91.28220958,447.3867442786386,Argonne
207,C2078,39.62782562,-106.6952993,129.0671323943225,Boulder
208,C2082,39.05978194,-88.58985336,121.18328519722229,Urbana-Champaign
209,C2090,29.27786165,-96.22210424,98.6904636819548,Houston
210,C2094,33.03959043,-115.36533700000001,171.5168088395828,San Diego
211,C2098,33.17135754,-92.59729138,461.82369935785835,Houston
212,C2102,36.21833315,-76.33345941,312.72489237400475,College Park
213,C2106,37.73774027,-85.97388659999999,329.36535063681816,Urbana-Champaign
214,C2112,35.2687044,-99.68195637,669.4118266907742,Lincoln
215,C2114,41.59738448,-85.85875528,176.83812073963668,Argonne
216,C2118,38.77472312,-79.87579557,185.52539496533282,Pittsburgh
217,C2122,40.92175605,-115.53332560000001,306.8951509714166,Salt Lake City
218,C2126,47.12426615,-120.6796832,135.49350041702004,Seattle
219,C2130,42.14124735,-76.76002604,39.79768353986395,Ithaca
220,C2134,31.51308276,-105.5410469,945.6831090581874,Boulder
221,C2138,38.3828637,-96.36255636,270.91946294728325,Lincoln
222,C2142,36.37906146,-97.78272279,501.54923695222294,Lincoln
223,C2146,31.40262718,-85.98820693,301.44342210139956,Atlanta
224,C2150,42.11747624,-80.09810636,186.65322193338685,Pittsburgh
225,C2154,45.79163646,-86.87059665,462.6275886769304,Argonne
226,C2158,36.50958027,-106.6930837,409.07552709091,Boulder
227,C2164,31.86926064,-85.33675402,227.5894405601632,Atlanta
228,C2166,43.9416929,-122.8762139,409.65270735462695,Seattle
229,C2170,40.70500908,-123.91581950000001,393.7716954566016,Palo Alto
230,C2174,41.28749192,-110.5475617,127.0109843008289,Salt Lake City
231,C2178,37.97110786,-87.57908329,245.34560852354113,Urbana-Champaign
232,C2182,64.80776616,-146.56542290000002,2398.2649816752933,Seattle
233,C2184,41.03176207,-91.94887288,329.0673861608841,Urbana-Champaign
234,C2186,43.67436209,-94.55107033,363.8756950832596,Lincoln
235,C2190,39.50999507,-80.24339834,105.6085989515083,Pittsburgh
236,C2198,39.58087638,-118.33577890000001,407.7407166613074,Palo Alto
237,C2202,46.91781095,-96.96548784,679.8869479415706,Lincoln
238,C2206,44.3542643,-93.29667831,481.9843123846487,Lincoln
239,C2210,37.81028305,-90.4722676,320.7413474446572,Urbana-Champaign
240,C2214,36.50851078,-108.32060320000001,472.089925857593,Boulder
241,C2218,35.15807853,-78.9398428,461.5622870708138,College Park
242,C1546,40.87288481,-91.05876358,252.47668006372356,Urbana-Champaign
243,C1550,36.04370988,-79.39942482,392.9542875976164,College Park
244,C1554,44.6872265,-73.03078137,300.2249905945711,Cambridge
245,C1558,45.90240445,-112.6567135,575.0594276726347,Salt Lake City
246,C1562,44.33784429,-85.33687074,263.1213210046234,Ann Arbor
247,C1566,34.50317019,-84.87591393,94.73621241958486,Atlanta
248,C1568,38.2158624,-76.52906066,93.08913007559029,College Park
249,C1570,38.42260804,-76.08332531,97.33238550672499,College Park
250,C1574,40.05205365,-81.49425622,134.30736143088924,Pittsburgh
251,C1578,33.57707985,-92.70734896,493.96789568677525,Houston
252,C1582,37.31423322,-85.44277854,395.0818428242587,Urbana-Champaign
253,C1586,38.47297247,-105.4396571,172.0813291656254,Boulder
254,C1594,40.71866104,-81.25349226,110.61544875668612,Pittsburgh
255,C1598,26.57568966,-81.91545273,832.6721439107125,Atlanta
256,C1602,37.32449346,-89.7698373,337.4952824550494,Urbana-Champaign
257,C1606,37.68653587,-89.11313288,280.47091247321134,Urbana-Champaign
258,C1610,32.47146286,-104.30446579999999,843.248094131347,Boulder
259,C1614,42.03623822,-94.86055928,204.30539450791713,Lincoln
260,C1618,39.15114643,-119.7474223,282.5187885353869,Palo Alto
261,C1622,42.96224045,-106.7984938,351.5479912651286,Boulder
262,C1626,37.85919313,-113.2894658,344.33066416312175,Salt Lake City
263,C1630,42.09147231,-91.63133096,304.98286090059884,Argonne
264,C1634,34.00178449,-85.18815338,78.99323759510641,Atlanta
265,C1638,40.54001137,-84.62936034,207.39764323599644,Ann Arbor
266,C1642,37.21579227,-87.14204166,336.40055520673184,Urbana-Champaign
267,C1646,38.64957811,-88.91898112,173.1283925536406,Urbana-Champaign
268,C1650,46.57776818,-122.39263840000001,114.44944034782912,Seattle
269,C1654,39.92741467,-77.72124493,124.07938051206443,College Park
270,C1658,40.10048926,-88.31879621,6.651664674466046,Urbana-Champaign
271,C1662,38.35610804,-81.61904946,270.5015439563985,Pittsburgh
272,C1666,39.42053432,-88.22920472,77.38635089768823,Urbana-Champaign
273,C1670,33.01650936,-80.01058633,414.42648514910337,Atlanta
274,C1674,35.16860061,-80.79533033,364.85276723157745,Atlanta
275,C1682,37.95010108,-78.59290153,184.7238135263561,College Park
276,C1686,35.05198284,-85.35912884,169.7166890306668,Atlanta
277,C1694,41.30706769,-104.68962059999998,151.79856939703828,Boulder
278,C1698,41.82483937,-87.82961901,18.02933596787813,Argonne
279,C1702,39.66692936,-121.60067169999999,251.86724270646937,Palo Alto
280,C1706,39.33762773,-83.05702558,288.5133591314571,Pittsburgh
281,C1010,45.52157878,-98.69595398,549.067036946932,Lincoln
282,C1014,47.14440907,-123.82862079999998,123.8362039294832,Seattle
283,C1018,32.44969005,-99.71767832,512.1576379243769,Houston
284,C1022,34.72804505,-96.68437605,567.3994468955123,Houston
285,C1030,41.89508376,-84.06636675,50.88020457878956,Ann Arbor
286,C1038,18.35928402,-67.0010611,2431.1398437489984,Atlanta
287,C1042,41.14873102,-81.34953388,138.50536054329163,Pittsburgh
288,C1046,32.61314468,-105.7414426,824.1249073246056,Boulder
289,C1050,31.64645978,-84.11531926,235.68773996472922,Atlanta
290,C1054,44.48887877,-122.53499509999999,346.9850246782738,Seattle
291,C1058,42.78850425,-73.94197351,212.9406952517958,Ithaca
292,C1062,35.31195506,-80.25098631,416.5035779871545,Atlanta
293,C1066,43.67384418,-93.34881586,420.5258264633591,Lincoln
294,C1070,34.3669621,-86.30663697,189.579765950847,Atlanta
295,C1074,35.12229007,-106.47158359999999,554.2286815044924,Boulder
296,C1076,32.89675684,-86.00697601,178.1917158066203,Atlanta
297,C1078,31.3305507,-92.54185747,321.9287051801579,Houston
298,C1082,45.93371633,-95.45352368,578.6390218712988,Lincoln
299,C1086,27.69764024,-98.37225864,372.05225260594034,Houston
300,C1090,40.78935087,-75.40384402,79.73630621576493,Princeton
301,C1094,43.29273268,-84.60491105,133.28068994341848,Ann Arbor
302,C1098,45.03110751,-83.16520109,309.3331646177712,Ann Arbor
303,C1102,40.48099527,-78.34860415,139.4350407179315,Pittsburgh
304,C1106,34.58797097,-99.41475851,659.5270891634302,Houston
305,C1110,35.24888864,-101.90954509999999,606.8889166423002,Boulder
306,C1114,32.09640273,-84.22700914,184.8872901836257,Atlanta
307,C1118,42.03637206,-93.69833692,283.8230483840295,Lincoln
308,C1122,42.90228163,-74.43968269,176.1224383876611,Ithaca
309,C1126,62.22490068,-149.5531855,2348.4055338652342,Seattle
310,C1138,32.30503566,-102.6378151,749.3278756588231,Houston
311,C1142,41.64386788,-85.00076485,126.48950594758456,Ann Arbor
312,C1146,42.25322535,-83.83877051,9.252507045692036,Ann Arbor
313,C1150,33.77143246,-85.82603085,133.10191933881762,Atlanta
314,C1154,44.28903135,-88.37115326,288.6039268945083,Argonne
315,C1158,27.18630233,-81.80944295,770.8068991544732,Atlanta
316,C1162,34.13383744,-97.26958852,519.7248501927065,Houston
317,C1164,18.43988779,-66.75917958,2441.593058978565,Atlanta
318,C1166,34.05095586,-93.17636749,520.6869164650252,Houston
319,C1170,35.6006246,-82.68264602,257.7584470496271,Atlanta
320,C1174,40.84602419,-82.27069277,197.14718970779964,Pittsburgh
321,C1178,41.89638114,-80.75901079,174.0184863938379,Pittsburgh
322,C1182,46.01752615,-123.7169992,205.6970325640015,Seattle
323,C1186,39.53174,-95.31344465,183.35038497323663,Lincoln
324,C1190,39.33386321,-82.04512889,213.8015998669157,Pittsburgh
325,C1194,35.42474448,-84.61747489,187.0074929070315,Atlanta
326,C1198,32.21190009,-95.85357792,277.800093194401,Houston
327,C4926,36.32128667,-99.50808421,555.9402780428608,Lincoln
328,C4930,40.82884916,-81.88801899,165.39330959181888,Pittsburgh
329,C4934,42.22280586,-71.92739712,69.24233485560164,Cambridge
330,C4938,43.67423978,-95.75338637,327.86166319009436,Lincoln
331,C4942,46.45702643,-120.7384904,175.82115292547576,Seattle
332,C4946,43.00896575,-97.39476512,251.87036483353828,Lincoln
333,C4950,18.01177177,-66.83070989999999,2471.966896918022,Atlanta
334,C4962,39.91995828,-76.72651407,105.01862432665563,College Park
335,C4966,41.23780883,-80.56764211,100.85097619917659,Pittsburgh
336,C4970,39.15530697,-121.51789270000002,198.1786198973375,Palo Alto
337,C4974,32.76961889,-113.90561880000001,304.5213981616332,San Diego
338,C4978,39.96542185,-81.94438266,173.7060128526653,Pittsburgh
339,C4982,27.00077816,-99.16861279,482.0198100178226,Houston
340,C2402,43.44354942,-73.64881118,238.4991827683322,Cambridge
341,C2406,39.5050211,-107.6603777,211.99689182063426,Boulder
342,C2410,43.11384685,-74.42217481,185.35349612909903,Ithaca
343,C2414,35.36395997,-78.00399713,414.0730457258349,College Park
344,C2418,32.42992832,-97.83226751,379.83581336968723,Houston
345,C2422,47.83595965,-96.84438542,781.7077273336932,Lincoln
346,C2426,41.08670284,-98.36534669,144.78801204309795,Lincoln
347,C2430,39.018290500000006,-108.4664402,295.6762432412098,Boulder
348,C2433,47.50952523,-93.63200853,783.8353823749597,Lincoln
349,C2434,43.03614487,-85.775185,187.04686542108465,Ann Arbor
350,C2438,34.91257799,-107.9997243,616.2886353621013,Boulder
351,C2442,42.36549924,-123.55549769999999,560.5577907761366,Palo Alto
352,C2446,38.47896397,-98.75646429,313.9254774044619,Lincoln
353,C2450,47.30795445,-111.3470459,729.3059163524462,Salt Lake City
354,C2454,40.5548299,-104.3925314,95.6555244094974,Boulder
355,C2458,44.69882136,-87.82507975,332.6742056473143,Argonne
356,C2462,36.17535125,-82.84582666,303.6530290310019,Atlanta
357,C2466,36.0258608,-79.79160151,414.6509856824329,College Park
358,C2470,39.30699993,-85.50114305,251.2291903785943,Urbana-Champaign
359,C2474,33.2836981,-90.94745464,573.6633595932816,Houston
360,C2478,35.59329897,-77.37449655,379.6321750250291,College Park
361,C2482,40.13322398,-84.61931914,249.93550677555933,Ann Arbor
362,C2486,34.68511708,-82.4138517,208.84150521974988,Atlanta
363,C2490,33.49839529,-90.10641288,530.3074026640643,Atlanta
364,C2494,34.15383056,-82.12593001,213.17649570276745,Atlanta
365,C2498,33.76995386,-89.80200615,500.58456882824595,Atlanta
366,C2502,17.98041777,-66.06990728,2528.423778260728,Atlanta
367,C2506,30.48360417,-89.00062193,566.4998345314247,Atlanta
368,C2510,36.74790217,-101.49010009999999,490.3677388089405,Boulder
369,C2518,39.54990248,-77.98137696,109.31797887853966,College Park
370,C2520,43.42679508,-114.21882009999999,353.1951534710824,Salt Lake City
371,C2522,30.62665232,-90.40568053,485.8647838945558,Houston
372,C2526,36.07536045,-119.8155027,257.04986125432424,Palo Alto
373,C2530,39.66116633,-91.5701488,288.294791559382,Urbana-Champaign
374,C2542,40.32667129,-77.10119459,149.32110803848818,College Park
375,C2546,36.08458987,-93.1643666,607.7719856923899,Lincoln
376,C2550,38.51049871,-78.87570634,176.29456863336839,College Park
377,C2554,41.71812866,-72.57266142,141.0242469852016,Cambridge
378,C2558,40.52446871,-98.50120896,156.64321403257247,Lincoln
379,C2562,31.278628700000002,-89.29501051,536.165431846139,Atlanta
380,C2570,38.91475125,-99.31723162,307.98044033738836,Lincoln
381,C2572,40.65905853,-111.038499,72.74404612244231,Salt Lake City
382,C2574,46.81280246,-112.29614,673.7376023278678,Salt Lake City
383,C2576,34.42829125,-90.8480221,599.6337296629581,Atlanta
384,C2578,36.36491693,-78.40792888,319.241476650989,College Park
385,C2582,34.96601904,-102.60492679999999,608.6055593141647,Boulder
386,C2584,45.52501005,-119.06489450000001,340.4447087293312,Seattle
387,C2586,35.81290377,-81.45428409,352.28491152042324,Atlanta
388,C2588,41.88776749,-84.5929278,83.33410271889355,Ann Arbor
389,C2590,19.60239682,-155.5228859,3786.333840703106,Palo Alto
390,C2594,32.38448908,-80.83468764,364.26456269102425,Atlanta
391,C2598,31.78530955,-81.57238709999999,342.2151344079378,Atlanta
392,C2602,32.79214937,-103.4124782,820.1187650294758,Boulder
393,C2609,42.59367327,-86.29176519,170.5452128862338,Argonne
394,C2614,28.84756969,-82.52010673,573.5982423123908,Atlanta
395,C2622,45.51902792,-121.65109140000001,237.84943212702308,Seattle
396,C2626,33.70280694,-93.50385614,473.2202208944797,Houston
397,C2630,34.57670176,-93.15039965,575.5039544194159,Houston
398,C2634,47.5713319,-88.33169170000001,652.4251163533715,Argonne
399,C2638,29.40488767,-90.65750662,456.1865696154071,Houston
400,C2642,29.75000681,-95.35403601,0.42347010625642995,Houston
401,C2646,42.25007012,-73.63187049999999,207.76906914128102,Cambridge
402,C2650,40.416934499999996,-77.98120754,170.54545187962887,Pittsburgh
403,C2654,40.82923996,-85.48817228,217.61328551402306,Ann Arbor
404,C2658,38.40662734,-82.54114311,314.5338034353225,Pittsburgh
405,C2662,34.78318968,-86.73464422,244.2632384099601,Atlanta
406,C2666,30.73904486,-95.57228393,111.8893041534678,Houston
407,C2670,44.31174734,-98.38185515,413.82989032306074,Lincoln
408,C2674,37.95295285,-98.08600666,339.5059554975134,Lincoln
409,C2678,44.82354394,-94.27242021,487.89600419548736,Lincoln
410,C2682,43.62250547,-112.4278744,321.26631269303437,Salt Lake City
411,C2686,40.65205164,-79.08754709,80.26974674696264,Pittsburgh
412,C2690,39.74743133,-86.20613805,178.48240079070362,Urbana-Champaign
413,C2694,33.60231289,-90.58861863,574.0758666668052,Atlanta
414,C2698,41.51133046,-91.64998527,305.71912002399426,Argonne
415,C2702,45.94657648,-88.07599644,471.23564419341096,Argonne
416,C2706,42.45201868,-76.47365413,2.4834663216141806,Ithaca
417,C2710,42.2484874,-84.4234373,56.9932701288219,Ann Arbor
418,C2714,32.43012283,-90.20246303,561.3644627868579,Atlanta
419,C2716,39.01967219,-82.61838294,274.31437805616747,Pittsburgh
420,C2718,35.74628147,-88.88105829999999,466.53456915226303,Atlanta
421,C2722,43.91778229,-110.64924309999999,365.567224741006,Salt Lake City
422,C2726,30.23407134,-81.75749736,463.23463015910454,Atlanta
423,C2730,39.6936958,-90.28512338,180.38275571245308,Urbana-Champaign
424,C2734,34.70983636,-77.41576582,477.7939598489799,College Park
425,C2738,31.83695465,-95.16518314,232.80213465674646,Houston
426,C2742,46.97925515,-98.95883807,710.0944879516206,Lincoln
427,C2746,42.30294096,-79.40575763,212.8532698797929,Pittsburgh
428,C2750,42.67122337,-89.07156521,139.64295719724274,Argonne
429,C2753,33.80333474,-87.2973574,269.0979196820138,Atlanta
430,C2754,38.37943969,-87.03463984,219.39743210773915,Urbana-Champaign
431,C2758,18.21064591,-66.58844533,2472.57864805024,Atlanta
432,C2760,34.13388274,-83.56634804,86.64879507343116,Atlanta
433,C2762,38.63981282,-92.09169259,369.2273180036981,Urbana-Champaign
434,C2766,30.26772188,-92.81412091,251.6573694410155,Houston
435,C2770,31.55143368,-81.91675874,336.76100174160166,Atlanta
436,C2774,36.2537477,-82.33444176,334.94755913046816,Atlanta
437,C2778,40.49529401,-78.71370329,108.63409768644632,Pittsburgh
438,C2786,35.69819031,-90.64838536,534.6163288067054,Urbana-Champaign
439,C2790,37.05654313,-94.33993509,463.5587803976895,Lincoln
440,C2794,58.44393518,-134.2303392,1439.4955181607331,Seattle
441,C2798,20.86773541,-156.61705880000002,3790.5889439551834,Palo Alto
442,C2802,42.245453999999995,-85.53118454,148.0946799948752,Ann Arbor
443,C2806,48.29512655,-114.0496737,621.2597788979323,Seattle
444,C2810,41.13771847,-87.86183178,64.33096000961282,Argonne
445,C2814,38.93714602,-94.4443872,282.2519136930052,Lincoln
446,C2818,22.01107987,-159.7054382,3977.6486414645337,Palo Alto
447,C2826,40.73494835,-99.0311738,198.00890811692562,Lincoln
448,C2830,42.91933143,-72.25117527,111.28768430434953,Cambridge
449,C2834,41.39859951,-85.41746673,170.5518617269441,Ann Arbor
450,C2838,36.27213715,-90.09090468,456.9062213991162,Urbana-Champaign
451,C2842,46.36356247,-119.2542663,271.26508379175823,Seattle
452,C2850,30.06148381,-99.35015976,386.2967614574635,Houston
453,C2854,55.48851486,-131.03051029999997,1061.2615557290408,Seattle
454,C2858,25.04678033,-81.18569242,1016.4280693346996,Atlanta
455,C2862,35.66493669,-75.68523331,385.91792256357104,College Park
456,C2866,31.20809353,-97.78769795,283.6840310927922,Houston
457,C2870,36.60777362,-82.44260318,363.18440504474245,Atlanta
458,C2874,41.88814563,-74.25856953,174.4353473545256,Princeton
459,C2878,27.10760087,-97.64795796,369.36613022675766,Houston
460,C2882,35.23877316,-77.64124863,421.7184568817849,College Park
461,C2886,40.28903972,-92.5726314,351.8929978672913,Lincoln
462,C2890,42.68640894,-121.650121,549.6591921055872,Seattle
463,C2894,36.02374086,-84.19437718,253.01853073374983,Atlanta
464,C2902,40.48358562,-86.11693073,184.8942617668081,Urbana-Champaign
465,C2906,43.51796897,-71.42269361,129.75819197155988,Cambridge
466,C2910,43.77926712,-91.3196438,356.69415279137843,Argonne
467,C2918,29.95575797,-92.04482997,320.3709205641783,Houston
468,C2920,40.47724707,-87.02341008,110.9725881775336,Urbana-Champaign
469,C2926,45.31022508,-118.00877759999999,418.0422689604143,Seattle
470,C2930,32.96505637,-85.23731389,118.05595991549912,Atlanta
471,C2934,29.98524744,-93.25645715,204.36324849640653,Houston
472,C2938,30.22423994,-82.62153889,426.2741042947626,Atlanta
473,C2942,35.7040585,-113.75791059999999,456.3840990956272,San Diego
474,C2946,27.94887149,-81.69768540000001,694.5437009065017,Atlanta
475,C2950,32.7425261,-101.9476844,709.0994236161243,Houston
476,C2954,40.04243843,-76.24770427,131.17495591208348,College Park
477,C2962,42.7711291,-84.49627879,83.11808535881012,Ann Arbor
478,C2966,41.65446874,-105.7239107,186.24905011934652,Boulder
479,C2970,27.76106243,-99.3315653,445.954572721712,Houston
480,C2974,32.35264809,-106.8327213,863.4280557053067,Boulder
481,C2978,35.63454943,-104.853394,488.45698209888315,Boulder
482,C2982,36.21519631,-115.0135611,436.0584704323605,San Diego
483,C2986,31.81805119,-89.1441772,494.038808484295,Atlanta
484,C2990,34.84088481,-79.48042924,466.5343992399695,Atlanta
485,C2994,38.88465945,-95.2926063,244.42473515015104,Lincoln
486,C2998,35.21727435,-87.39558444,320.2190157867675,Atlanta
487,C3002,34.52417711,-98.43479579,604.6669147015754,Houston
488,C3006,37.65831846,-92.59035142,464.9427797353785,Urbana-Champaign
489,C3010,43.78356942,-72.16112021,178.49120667882246,Cambridge
490,C3014,40.36723146,-76.45771276,152.41165173810418,Princeton
491,C3022,33.60764269,-102.3431972,758.5024334173817,Boulder
492,C3026,40.96297154,-77.06226923,171.12279938590873,Ithaca
493,C3028,35.46886111,-86.76501744,289.3937220075742,Atlanta
494,C3030,46.26915287,-116.9437249,435.16413247292945,Seattle
495,C3034,44.16584843,-70.206445,212.302884433873,Cambridge
496,C3038,40.61041302,-77.61704199,189.32512164669723,College Park
497,C3042,40.75947017,-99.82303059,264.5259068412755,Lincoln
498,C3046,38.0905084,-84.43305419,398.4953224546543,Urbana-Champaign
499,C3058,37.1933028,-100.8512873,495.77933896703627,Boulder
500,C3062,40.77152071,-84.10577943,170.55037292725987,Ann Arbor
501,C3066,40.12453635,-89.36752091,95.5875385030207,Urbana-Champaign
502,C3070,40.81991911,-96.87081623,15.983325222976688,Lincoln
503,C3078,34.75722004,-92.39716657,622.4504085671397,Houston
504,C3082,41.23405437,-77.63810583,164.190937467314,Ithaca
505,C3086,41.88957091,-111.7689774,125.92916871138114,Salt Lake City
506,C3090,40.7614915,-86.34594656,172.68186508315185,Argonne
507,C3094,36.98562582,-83.95738665,361.4662529645163,Atlanta
508,C3098,32.43109318,-94.67520395,305.1477483873118,Houston
509,C3102,46.19321955,-122.6809746,159.3375673559349,Seattle
510,C3106,35.86938137,-106.3073851,469.8409619072569,Boulder
511,C3108,34.11175568,-118.1807652,181.8039332258395,San Diego
512,C3114,38.3030761,-85.68222347,298.8876315871238,Urbana-Champaign
513,C3118,33.46852543,-101.6446753,724.5637519556997,Houston
514,C3122,43.99606769,-86.54509227,279.957125576763,Argonne
515,C3126,31.25476458,-94.61184855,181.97715724969302,Houston
516,C3130,34.64024205,-79.10386493,495.66605083846474,Atlanta
517,C3134,37.3650189,-79.21974294,269.0981973111043,College Park
518,C3138,40.45623124,-90.67787766,209.91923354815057,Urbana-Champaign
519,C3142,32.85769488,-83.71490687,117.56080703983854,Atlanta
520,C3146,37.21804406,-119.76264450000001,211.92763622628905,Palo Alto
521,C3150,38.78582266,-85.43857288,282.6212133355861,Urbana-Champaign
522,C3154,43.08018136,-89.59222361,201.795564446565,Argonne
523,C3158,37.30882014,-87.54084214,318.08112729538317,Urbana-Champaign
524,C3162,33.21428714,-93.22730889,434.98033191077496,Houston
525,C3166,44.59293384,-74.3037622,297.4875014256342,Ithaca
526,C3168,34.31764801,-92.94606918,556.4359994824904,Houston
527,C3170,42.91529151,-71.71608247,77.97929529340784,Cambridge
528,C3174,39.2714408,-96.55936006,171.04848898057628,Lincoln
529,C3182,44.11068893,-87.51237169,269.7575254684303,Argonne
530,C3186,44.15442606,-94.13558229,426.7396804910771,Lincoln
531,C3190,40.77468434,-82.53648439,194.69620920250702,Ann Arbor
532,C3193,39.45531619,-81.49525443,168.3402626196604,Pittsburgh
533,C3194,45.43175143,-87.77364095,414.2691885229434,Argonne
534,C3198,40.51584459,-85.6547259,223.92016113969223,Urbana-Champaign
535,C3200,35.68169247,-82.04931244,302.6064220822846,Atlanta
536,C3202,40.5871851,-83.16090334,194.11770271437032,Ann Arbor
537,C3210,46.66287797,-87.57352409999999,551.7844139845671,Argonne
538,C3214,44.41349159,-95.83897490000001,406.91908488818694,Lincoln
539,C3218,39.1368391,-93.20185125,349.83779133256866,Lincoln
540,C3226,42.03584923,-92.99877135,336.08096458131797,Lincoln
541,C3228,36.29830268,-88.71774385,426.56969883853867,Urbana-Champaign
542,C3230,36.6827695,-79.87366517,363.6535301045957,College Park
543,C3234,40.36077379,-94.88343373,159.74980979792323,Lincoln
544,C3238,43.20360311,-93.26083045,388.41826917808544,Lincoln
545,C3242,18.18899572,-67.50116707,2410.480929302173,Atlanta
546,C3246,36.72313819,-88.65120577,378.9815493816495,Urbana-Champaign
547,C3250,38.59517299,-83.82424515,387.17649920330115,Pittsburgh
548,C3254,34.92386189,-95.74841414,576.4821479858233,Houston
549,C3258,26.39672849,-98.1810872,464.40659505163933,Houston
550,C3262,31.17490786,-90.40416055,500.52573456314394,Houston
551,C3266,35.67868271,-85.77849804,249.0017646527391,Atlanta
552,C3270,38.39166665,-97.64807987,281.02651456483346,Lincoln
553,C3274,41.6846965,-80.10627762,138.64395488042013,Pittsburgh
554,C3278,42.43215589,-122.7285179,557.1302469865257,Palo Alto
555,C3282,35.02419054,-89.86962056,522.5227789539712,Atlanta
556,C3286,44.94658399,-91.89640361,479.2939738471624,Argonne
557,C3290,37.19187047,-120.717688,129.07420793263097,Palo Alto
558,C3294,32.41302219,-88.66350386,425.4234890072154,Atlanta
559,C3302,39.21575563,-91.84158588,323.832779254755,Urbana-Champaign
560,C3306,36.83551375,-94.81042962,470.37630250235907,Lincoln
561,C3310,26.13106065,-80.46520301,927.7628898699564,Atlanta
562,C3314,41.54902156,-86.74236622,104.55804819110173,Argonne
563,C3318,36.73064825,-83.67409506,337.27369385322027,Atlanta
564,C3322,43.64685671,-84.38810911,161.12965874845636,Ann Arbor
565,C3326,32.08975367,-101.9910158,683.9381837888005,Houston
566,C3330,33.19820178,-83.0900573,135.16859553323917,Atlanta
567,C3334,43.18039751,-87.79696268,164.29286007873174,Argonne
568,C3338,32.71345442,-93.33498331,381.5580320893952,Houston
569,C3342,32.75318038,-98.31302138,436.3082018640114,Houston
570,C3346,45.10336543,-93.27530071,552.2275215375549,Lincoln
571,C3350,48.31883689,-101.2077234,908.5912418188248,Lincoln
572,C3354,47.036525299999994,-113.9237412,636.638906063364,Seattle
573,C3358,43.67478105,-97.96698628,335.98078552131057,Lincoln
574,C3362,39.44016798,-92.49707798,371.159571299067,Urbana-Champaign
575,C3366,30.97423528,-88.20166621,473.144524596497,Atlanta
576,C3370,37.55913744,-120.99768290000002,101.87468142732031,Palo Alto
577,C3374,32.73280809,-92.11836395,452.60088565782604,Houston
578,C3378,41.92137752,-83.49428636,44.40288186519585,Ann Arbor
579,C3386,32.36061113,-86.40323999,243.5643699823961,Atlanta
580,C3394,38.35426421,-108.172344,310.8595429396675,Boulder
581,C3398,34.86125981,-76.53574307,460.44972502627417,College Park
582,C3402,29.63462339,-91.47292635,375.5203914275051,Houston
583,C3406,39.52728351,-79.80445317,102.86026039461224,Pittsburgh
584,C3410,36.17393794,-83.4306305,282.8492412270685,Atlanta
585,C3414,46.81617621,-116.71172320000001,433.41976121140345,Seattle
586,C3418,47.20566468,-119.4517617,221.27701546024622,Seattle
587,C3422,31.18839047,-83.76884829,291.0749266174362,Atlanta
588,C3426,36.28717823,-92.33697211,555.9595972113257,Urbana-Champaign
589,C3430,43.353885399999996,-115.4692624,412.7310328023873,Salt Lake City
590,C3434,36.41482056,-80.68807793,436.7726714545104,College Park
591,C3435,37.83153388,-81.93534048,334.86375349990834,Pittsburgh
592,C3438,43.64060156,-84.84679655,176.4349464844766,Ann Arbor
593,C3442,33.13809538,-94.96980271,378.5482582165004,Houston
594,C3446,38.05202584,-83.74892387,418.2490186570557,Pittsburgh
595,C3450,38.30052343,-88.92400916,210.25741810447016,Urbana-Champaign
596,C3454,40.39876524,-82.42153375,205.38820004714248,Pittsburgh
597,C3458,48.48207611,-121.8016068,105.07223190083462,Seattle
598,C3462,40.22752532,-85.3968993,242.15926716160325,Urbana-Champaign
599,C3466,36.62110128,-88.27220112,388.6681249680404,Urbana-Champaign
600,C3470,41.48392205,-91.11275625,261.52843960394546,Argonne
601,C3474,43.28992989,-86.53523411,212.03654659633713,Argonne
602,C3478,35.61613904,-95.37947382,588.2676624854216,Lincoln
603,C3482,33.96582564,-78.63477207,531.5337966600752,Atlanta
604,C3486,31.61598026,-94.61587326,219.30974794952974,Houston
605,C3490,38.50649644,-122.3305385,119.51531998485078,Palo Alto
606,C3494,26.09923899,-81.38097306,898.9288833304562,Atlanta
607,C3498,36.11934599,-86.64517878,334.0257545553299,Atlanta
608,C3502,31.46049001,-91.5268895,413.0528548649254,Houston
609,C3506,31.72354016,-93.09624339,308.05276624834573,Houston
610,C3510,35.10293467,-77.02529733,432.2588674953278,College Park
611,C3514,34.289811799999995,-81.60011985,263.5985299923644,Atlanta
612,C3522,39.93103974,-85.39643537,243.28526431964804,Urbana-Champaign
613,C3526,40.99121436,-80.33470707,67.55491223304713,Pittsburgh
614,C3530,41.34882429,-72.89985769,185.09764944851156,Princeton
615,C3538,29.80940021,-89.70836438,545.2774051554325,Houston
616,C3542,40.44095991,-81.47376955,125.0686811163919,Pittsburgh
617,C3544,44.64584363,-123.90765470000001,350.8386759312446,Seattle
618,C3546,35.92543741,-83.12118301,267.65780110005494,Atlanta
619,C3558,44.24213972,-94.72757132,414.1609542139755,Lincoln
620,C3562,40.77330959,-73.87988563,81.00669057636992,Princeton
621,C3566,41.99577769,-86.68542116,112.01635189372989,Argonne
622,C3570,31.52596126,-110.8465169,609.1026610360224,San Diego
623,C3574,42.04354872,-97.49026968,153.1483850206585,Lincoln
624,C3582,41.23434696,-100.7756684,346.7000889123486,Lincoln
625,C3584,27.34545536,-82.36087057,738.4409432310545,Atlanta
626,C3586,38.99693006,-85.6280646,256.43536497343166,Urbana-Champaign
627,C3590,36.20627576,-81.16338566,400.689798996967,Atlanta
628,C3594,41.14615393,-82.59840828,157.28624850374624,Ann Arbor
629,C3598,41.46678625,-72.10651290000001,130.22006824658544,Cambridge
630,C3602,48.16289704,-122.57526299999999,64.50270254170148,Seattle
631,C3610,29.21020229,-82.05667568,551.3569542838203,Atlanta
632,C3614,39.08509811,-74.84997701,141.45152963432187,Princeton
633,C3622,31.86917252,-102.5427492,725.2741773066996,Houston
634,C3626,41.43269332,-112.8158268,107.64333109520051,Salt Lake City
635,C3630,44.49640214,-75.06895227,255.8332921938264,Ithaca
636,C3634,41.40096908,-79.75794559999999,108.64082126156055,Pittsburgh
637,C3638,27.38630361,-80.88858501,783.0702447377798,Atlanta
638,C3642,35.42987327,-97.50387636,602.1965573507393,Lincoln
639,C3646,42.24863314,-78.67885029,180.21768683439046,Ithaca
640,C3650,46.92962691,-122.8322938,84.1692474813386,Seattle
641,C3654,41.2900842,-95.99912451,78.50610402371244,Lincoln
642,C3658,42.63376357,-75.03260595,122.21329129180658,Ithaca
643,C3662,43.22616152,-117.58844380000001,544.6557925182819,Salt Lake City
644,C3666,30.5988511,-92.00585686,335.79954855613533,Houston
645,C3670,33.43899148,-80.80029974,333.9618744931796,Atlanta
646,C3674,28.43434752,-81.36305292,657.725148310812,Atlanta
647,C3678,44.06887689,-88.64465875,267.8780730979452,Argonne
648,C3682,41.33520346,-92.64090936,343.75875522290926,Lincoln
649,C3683,46.98334382,-118.5606331,292.7026880077233,Seattle
650,C3683,41.35704522,-89.17333254,106.61382505169864,Argonne
651,C3684,38.56451745,-95.28594824,276.4560896292359,Lincoln
652,C3690,41.03058454,-92.40944988,359.7918040506653,Lincoln
653,C3694,44.02234375,-93.22604111,456.3235994012655,Lincoln
654,C3698,37.6996528,-87.06947476,287.2787872883453,Urbana-Champaign
655,C3706,34.35675781,-89.48491927,474.4155632357581,Atlanta
656,C3710,34.35752852,-119.12602720000001,257.8552177029185,San Diego
657,C3712,31.43182707,-85.61103682,282.52448196782177,Atlanta
658,C3714,37.13796095,-88.67202722,333.27286937865574,Urbana-Champaign
659,C3722,38.0423816,-116.47193130000001,496.15363545945786,Salt Lake City
660,C3726,29.60863485,-81.74430413,524.2929914889831,Atlanta
661,C3730,31.81332567,-95.65254718,231.15569125984035,Houston
662,C3734,28.30031414,-80.70120548,700.577152724642,Atlanta
663,C3742,35.61980821,-100.813001,626.0376785122002,Boulder
664,C3746,30.23764653,-85.63262281,408.244353176214,Atlanta
665,C3750,36.11769772,-90.55907173,488.560077720984,Urbana-Champaign
666,C3754,36.33183758,-88.30121357,420.854993223339,Urbana-Champaign
667,C3758,33.66726205,-95.57120071,436.0550326443722,Houston
668,C3762,39.13880389,-81.46270909,191.4655299952385,Pittsburgh
669,C3766,37.19132735,-95.29757614,419.4278049449621,Lincoln
670,C3774,33.79974987,-110.8117371,602.4499425944962,San Diego
671,C3777,28.86781759,-99.10826678,376.5660230613568,Houston
672,C3778,31.43089044,-103.66997459999999,817.0095152594668,Houston
673,C3780,41.33445188,-93.09943715,305.9517540399567,Lincoln
674,C3786,30.65939623,-87.15627196,431.5869576876588,Atlanta
675,C3790,40.70732455,-89.69478638,139.34289135141796,Urbana-Champaign
676,C3794,40.76950401,-86.04502307,192.73266945278388,Argonne
677,C3798,39.89584382,-75.31171693,74.93192864544005,Princeton
678,C3806,33.18581688,-112.0706601,477.7962820373218,San Diego
679,C3810,30.768710499999997,-89.58975064,565.443203556587,Houston
680,C3818,44.40427808,-100.48041040000001,506.4998183214965,Lincoln
681,C3822,34.07729188,-91.94988861,578.7301446833366,Houston
682,C3824,35.31065386,-79.48137444,467.0394122057543,College Park
683,C3826,37.50731511,-94.85181137,399.3527294043353,Lincoln
684,C3830,40.43912192,-79.83101639,13.953940137729361,Pittsburgh
685,C3834,42.37067661,-73.20641229,172.1683766143605,Cambridge
686,C3838,34.07051251,-101.8268813,728.0757994766627,Boulder
687,C3842,42.86748188,-90.70622042,258.44634486019726,Argonne
688,C3846,44.74622635,-73.67817375,335.23330097972075,Cambridge
689,C3850,41.32484896,-86.26176129,149.46153998981754,Argonne
690,C3854,42.68250209,-112.5676703,220.93942039756374,Salt Lake City
691,C3858,38.79800996,-82.17597657,261.1916069188265,Pittsburgh
692,C3862,36.81800344,-97.14393802,445.3439629589782,Lincoln
693,C3866,18.04210762,-66.58836401,2486.5005759883284,Atlanta
694,C3870,40.89155789,-88.55771581,90.19729152562948,Urbana-Champaign
695,C3874,36.68623951,-90.62355359,434.11770908935256,Urbana-Champaign
696,C3878,34.02118338,-103.48002530000001,685.1312652652066,Boulder
697,C3882,48.11029172,-123.9342139,132.01901231159957,Seattle
698,C3886,43.652964000000004,-70.41687065,153.0287225015985,Cambridge
699,C3890,45.59836591,-122.4782858,223.54142669501243,Seattle
700,C3892,28.43910927,-96.61507367,190.13618598293635,Houston
701,C3894,27.22465861,-80.42099656,819.2146513176443,Atlanta
702,C3902,38.80396194,-82.99283102,314.6243138624974,Pittsburgh
703,C3906,40.70580057,-76.21595486,137.44236033871115,Princeton
704,C3910,41.58269493,-74.02566415,147.15999740989412,Princeton
705,C3915,34.59985642,-112.55394479999998,475.0278822550466,San Diego
706,C3922,39.64813837,-110.58879809999999,165.94003759661658,Salt Lake City
707,C3926,44.14217984,-120.356581,414.39721661162594,Seattle
708,C3930,41.64493421,-71.38966631,84.24284000968221,Cambridge
709,C3934,39.86450378,-112.35263880000001,107.07056623159573,Salt Lake City
710,C3938,38.17342023,-104.51284559999999,214.95708205691946,Boulder
711,C3942,46.90120203,-117.52305770000001,371.2585860408763,Seattle
712,C3946,26.89984327,-81.95031597,797.093738227112,Atlanta
713,C3950,40.02822827,-91.38591921,267.56297418065213,Urbana-Champaign
714,C3954,42.75117429,-87.69608101,118.22953797524761,Argonne
715,C3958,35.75723996,-78.46086014,383.787229053368,College Park
716,C3966,44.31796068,-102.7641323,521.0883220836606,Boulder
717,C3970,26.47696634,-97.59165763,424.7301702199639,Houston
718,C3974,40.41629566,-75.92599890000001,107.56999363707051,Princeton
719,C3978,40.12573618,-122.23388490000002,298.5351228161624,Palo Alto
720,C3982,40.763766600000004,-122.04052150000001,369.482899878867,Palo Alto
721,C3986,44.40968257,-92.722903,488.2479605920509,Argonne
722,C3990,40.61899923,-119.6591463,413.28057548093994,Palo Alto
723,C3994,44.14048039,-111.5171501,377.05475990788847,Salt Lake City
724,C3998,39.86441646,-85.00987614,276.87705927639087,Urbana-Champaign
725,C4006,37.41238637,-77.44608282,180.92484771479116,College Park
726,C4008,37.71005391,-84.16330149,440.3818845611536,Atlanta
727,C4010,26.56215304,-98.73839959,485.16505849474254,Houston
728,C4014,34.55168227,-116.1297318,225.37008239742588,San Diego
729,C4018,43.0405281,-108.63041809999999,370.1931085375575,Salt Lake City
730,C4022,37.28608902,-79.94656262,324.20212099541317,College Park
731,C4026,36.32642428,-77.54203476,300.87970053732136,College Park
732,C4030,42.04256636,-89.32072666,116.87261573500045,Argonne
733,C4034,43.95600681,-92.33808861,434.17467628367746,Argonne
734,C4038,43.14907568,-77.52207292,114.34904332152425,Ithaca
735,C4042,42.33161949,-89.0420737,111.61623445006744,Argonne
736,C4046,35.00604835,-79.74777802,447.8251413719067,Atlanta
737,C4053,28.08472041,-96.99143873,244.01564753468045,Houston
738,C4054,41.65949614,-108.8794308,271.0041143838893,Salt Lake City
739,C4058,35.94100595,-77.79848740000001,347.40084324686876,College Park
740,C4062,37.87712858,-91.79236489,394.98695056686034,Urbana-Champaign
741,C4066,34.26316269,-85.21427865,95.04072990071992,Atlanta
742,C4070,43.28534624,-123.17955690000001,484.977509926882,Seattle
743,C4074,33.36331807,-104.4668796,743.0854493318457,Boulder
744,C4076,33.74530783,-105.4592959,697.3587105652425,Boulder
745,C4078,35.21094395,-93.23470318,639.0279658853291,Houston
746,C4082,32.60163737,-92.66481528,407.6630944185339,Houston
747,C4086,43.58009157,-73.03660874,206.26497370699155,Cambridge
748,C4090,38.78046267,-120.9976416,179.42916979305164,Palo Alto
749,C4094,32.932662699999995,-109.88745159999998,679.9516545754122,San Diego
750,C4098,43.33502874,-84.05318704,120.24598107063515,Ann Arbor
751,C4106,45.585891600000004,-94.47203137,560.7182743185768,Lincoln
752,C4110,37.28040614,-113.5047112,411.32053098996073,Salt Lake City
753,C4114,39.83409341,-94.78384021,193.86882601291032,Lincoln
754,C4118,38.73525382,-90.35010446,237.32325971185773,Urbana-Champaign
755,C4122,30.922488300000005,-81.63638494,407.2185322577063,Atlanta
756,C4126,41.42522728,-78.64908626,157.43438291470844,Pittsburgh
757,C4140,40.76842775,-80.77718656,75.35953663454039,Pittsburgh
758,C4142,44.90340003,-122.9034506,303.7303875861663,Seattle
759,C4146,38.95859687,-97.65007355,221.50262470900498,Lincoln
760,C4150,36.2397744,-121.30890159999998,152.89386261991555,Palo Alto
761,C4154,38.40220563,-75.47717827,142.6004367181579,College Park
762,C4162,40.47057581,-113.01050749999999,99.84820917782815,Salt Lake City
763,C4166,31.48604524,-100.7724197,552.7932385448237,Houston
764,C4170,29.42876399,-98.60226374,315.67464828164645,Houston
765,C4174,33.02818639,-116.77020470000001,50.39518203133115,San Diego
766,C4176,48.300025,-116.6010614,433.60558400964317,Seattle
767,C4178,41.47057264,-82.57631509,131.33851967733432,Ann Arbor
768,C4182,35.47518642,-79.17148361,437.9415780139213,College Park
769,C4186,37.77410931,-122.2741092,38.704638664163234,Palo Alto
770,C4190,18.03003482,-67.10104318,2451.5615988272057,Atlanta
771,C4194,36.91030831,-121.37692759999999,90.003615576812,Palo Alto
772,C4198,18.29528544,-66.03891681,2504.9634105174036,Atlanta
773,C4202,35.38741848,-120.452197,273.9937291516354,Palo Alto
774,C4210,37.02160591,-122.00978740000001,48.19837150551652,Palo Alto
775,C4214,35.50692695,-105.97627320000001,505.0926983689799,Boulder
776,C4218,17.95300332,-66.38669382,2508.1315172676445,Atlanta
777,C4222,38.52529257,-122.92254469999999,138.4922354038759,Palo Alto
778,C4230,46.32817843,-84.52936792,454.62378839042316,Ann Arbor
779,C4234,32.10686333,-81.27134839,343.56039329935925,Atlanta
780,C4238,41.78866771,-76.51545255,72.87409524721701,Ithaca
781,C4242,42.15930095,-103.738209,270.8104592201028,Boulder
782,C4246,34.779416,-85.99930054,187.01752904898512,Atlanta
783,C4250,38.68506995,-85.74746809999999,267.0453926407548,Urbana-Champaign
784,C4254,41.32318457,-75.89573289,134.3471209593931,Ithaca
785,C4262,35.25627533,-91.74554727,621.9794828074905,Urbana-Champaign
786,C4266,47.55747454,-121.8814277,34.232002225681505,Seattle
787,C4268,27.69639085,-80.57408961,765.6276779837697,Atlanta
788,C4270,27.34337973,-81.34103791,770.0268055546622,Atlanta
789,C4274,38.72828937,-93.28509629,371.0228183119976,Lincoln
790,C4278,40.76984024,-77.07016867,192.05531124006953,Ithaca
791,C4282,32.32597371,-87.10647633,299.13933820971346,Atlanta
792,C4286,34.7535028,-83.06586048,164.57867286251326,Atlanta
793,C4290,42.78108139,-76.8237786,45.81581818752743,Ithaca
794,C4294,35.78465562,-83.52419231,239.16045659659682,Atlanta
795,C4220,34.53834409,-120.0307862,334.1416037191485,San Diego
796,C4298,38.90641749,-86.03754135,232.17578207820583,Urbana-Champaign
797,C4302,44.85095205,-88.74951931,354.8244078362581,Argonne
798,C4306,35.20665552,-96.94835977,623.1526143088097,Lincoln
799,C4310,43.71970738,-87.63477449,225.35057197798645,Argonne
800,C4314,35.3341018,-81.55554714,313.18985314913766,Atlanta
801,C4318,35.51379788,-86.45888570000001,272.48873432259785,Atlanta
802,C4322,47.35053513,-123.1830098,69.98500287703945,Seattle
803,C4326,44.78998928,-106.8793831,547.110673817761,Boulder
804,C4330,33.62680855,-96.67772539,448.7874535833331,Houston
805,C4332,35.39957337,-110.321396,611.7337398218252,Salt Lake City
806,C4334,32.43878795,-93.74510364,336.13101215498324,Houston
807,C4338,40.33152518,-84.20474278,220.18250920559132,Ann Arbor
808,C4342,31.87963709,-109.7512631,702.4862920604273,San Diego
809,C4346,37.05304602,-89.56851469,359.5628002454851,Urbana-Champaign
810,C4350,32.73900256,-108.3824558,820.9497558129377,San Diego
811,C4358,42.51293368,-96.43753669,190.7876189118238,Lincoln
812,C4362,43.49971673,-96.99007409,300.5087852685383,Lincoln
813,C4366,32.74631493,-100.9164071,624.490369790531,Houston
814,C4370,37.10392689,-84.57717629999999,372.9244533218738,Atlanta
815,C4374,39.97243983,-79.02827226,97.27424549889237,Pittsburgh
816,C4376,38.027601399999995,-119.95475359999999,203.15016821457888,Palo Alto
817,C4378,41.77362742,-86.1341473,153.4788170766352,Argonne
818,C4390,34.93124657,-81.99082747,255.9458184077948,Atlanta
819,C4394,44.35862718,-103.7922245,498.08772401407504,Boulder
820,C4398,43.0825804,-95.15091942,282.93858188595743,Lincoln
821,C4402,43.37798476,-95.15083006,312.5424736555077,Lincoln
822,C4406,48.08110319,-117.6708429,351.7921888748031,Seattle
823,C4410,39.82959458,-89.69691403,127.8979011448571,Urbana-Champaign
824,C4414,42.36488118,-72.62565409999999,124.47157702398675,Cambridge
825,C4418,37.36167023,-93.17707424,488.01910461046896,Lincoln
826,C4422,39.91677792,-83.78388973,262.7693119869503,Ann Arbor
827,C4426,33.51499813,-89.07341563,434.7030379182814,Atlanta
828,C4430,40.91934578,-77.81996016,191.04694768179849,Pittsburgh
829,C4434,32.39681418,-81.74317814,288.80771352593973,Atlanta
830,C4442,38.16286922,-79.12892156,211.49395258323943,College Park
831,C4446,40.48506794,-106.9911932,155.09735068647043,Boulder
832,C4450,32.23625867,-98.21796671,388.2039415217749,Houston
833,C4454,40.72466872,-103.1100957,199.30716465909583,Boulder
834,C4458,41.75625488,-89.91410299,160.40832041173596,Argonne
835,C4462,44.47602631,-89.50140067,331.4567003330059,Argonne
836,C4466,36.07728969,-96.97563585,526.5269238106507,Lincoln
837,C4470,37.93474597,-121.27140320000001,94.26443038130543,Palo Alto
838,C4474,42.73549362,-95.15114886,249.19012210040404,Lincoln
839,C4478,41.91441425,-85.52774468,153.61351131479148,Ann Arbor
840,C4486,33.1495559,-95.56395016,378.5263521953453,Houston
841,C4490,34.47501526,-85.34529136,119.2719638609635,Atlanta
842,C4494,33.78993515,-80.29866207,377.8270479302905,Atlanta
843,C4498,40.85199078,-76.70932162,177.85631444693448,Ithaca
844,C4500,40.67359039,-120.5943328,383.4044586431116,Palo Alto
845,C4502,32.30349026,-100.4060525,558.4235631111013,Houston
846,C4506,43.20096526,-76.07695406,91.02981146742519,Ithaca
847,C4514,35.90666869,-94.99968915,564.2361818204988,Lincoln
848,C4518,33.38006161,-86.16590369,170.03408647103862,Atlanta
849,C4522,30.38678532,-84.28141109,374.5198851582546,Atlanta
850,C4530,28.12553607,-82.46403714,652.0866054080252,Atlanta
851,C4534,36.57815939,-105.63102579999999,383.4494606715842,Boulder
852,C4538,39.54583175,-89.27725431,108.71306945226661,Urbana-Champaign
853,C4546,39.48105567,-87.31185119999999,106.41537004099723,Urbana-Champaign
854,C4550,33.47362482,-94.2137277,428.002410700115,Houston
855,C4552,45.16002246,-121.16777520000001,286.2808911457165,Seattle
856,C4554,28.70482254,-82.08099536,602.6340671324809,Atlanta
857,C4558,32.88127004,-84.29934351,97.35113766226682,Atlanta
858,C4562,30.86368155,-83.91931341,324.34288274060276,Atlanta
859,C4566,41.12387958,-83.12770544,137.95792405884305,Ann Arbor
860,C4570,31.45743783,-83.52659432,267.7331216175715,Atlanta
861,C4574,34.55394352,-83.29343353,134.276079207475,Atlanta
862,C4578,41.55471931,-83.51489588,82.58211130616922,Ann Arbor
863,C4582,39.04381723,-95.80313375,209.86543945405842,Lincoln
864,C4586,41.79249832,-73.24532079,187.64319810421463,Cambridge
865,C4590,44.94142028,-85.90575712,343.813930897692,Ann Arbor
866,C4594,40.28343742,-74.70175241,8.108003527279656,Princeton
867,C4598,31.80270849,-85.94090815,261.1194919575043,Atlanta
868,C4602,39.30136958,-120.7687521,238.95889358670345,Palo Alto
869,C4606,32.09739903,-111.7898635,508.84933758029405,San Diego
870,C4610,35.29794837,-86.11600081,233.63962316846832,Atlanta
871,C4614,36.25041348,-96.16623779,508.63171020451665,Lincoln
872,C4618,34.34226592,-88.64853958,398.07252479626715,Atlanta
873,C4622,33.10980992,-87.76446834,321.53742923742027,Atlanta
874,C4630,42.43570697,-114.57078419999999,290.38621681502786,Salt Lake City
875,C4634,32.37503543,-95.26918268,292.0250518149173,Houston
876,C4638,39.43362382,-123.43155390000001,248.27595852399006,Palo Alto
877,C4642,34.68928158,-81.61941543,274.8343192723682,Atlanta
878,C4646,36.35823267,-89.14879920000001,425.298025000567,Urbana-Champaign
879,C4650,40.13767436,-83.76949696,238.19143698988862,Ann Arbor
880,C4652,23.718640399999998,-164.7367404,4310.946145036205,Palo Alto
881,C4654,43.33741798,-75.18136515,146.4316864894876,Ithaca
882,C4662,29.35733618,-99.76220528,428.1729792931166,Houston
883,C4666,30.82948666,-83.24159609,342.49636427488883,Atlanta
884,C4670,38.26691279,-121.9400244,93.45433906670404,Palo Alto
885,C4678,40.85539824,-84.58609913,173.5669934844028,Ann Arbor
886,C4682,42.9145713,-96.97563762,235.62735889737147,Lincoln
887,C4686,40.12477484,-109.51864840000002,212.8481603243092,Salt Lake City
888,C4690,34.08072613,-99.24105476,605.0204031456636,Houston
889,C4698,32.35722962,-90.85201121,517.9203551418028,Houston
890,C4702,28.72794245,-97.19502583,211.34572398720042,Houston
891,C4708,32.14225219,-82.41220729999999,256.97354262119967,Atlanta
892,C4718,38.68908988,-87.41800847,173.83153683454367,Urbana-Champaign
893,C4722,39.32809858,-75.12931827,120.37759888527809,Princeton
894,C4724,41.38877474,-70.69877158,114.69223345886441,Cambridge
895,C4726,36.80740012,-76.45338693,246.35414578568572,College Park
896,C4730,36.22015666,-118.80047250000001,327.014087173423,Palo Alto
897,C4734,40.84569301,-85.79400567,206.51033682806232,Argonne
898,C4738,31.42640756,-97.0897834,249.42651927242477,Houston
899,C4742,46.29628511,-96.78395763,610.4523344960597,Lincoln
900,C4746,46.22984324,-118.4784031,330.2346629158934,Seattle
901,C4754,40.5609114,-84.22174383,195.42004484264953,Ann Arbor
902,C4758,32.49029846,-83.71203339,153.88323906365622,Atlanta
903,C4762,41.81457462,-79.27414337,164.29987473086183,Pittsburgh
904,C4766,38.74408549,-93.80636749,336.10366877781365,Lincoln
905,C4770,41.24409734,-85.86071768,184.13056656224106,Argonne
906,C4778,38.70240997,-87.07206846,186.67083739879652,Urbana-Champaign
907,C4782,35.48698382,-76.84531441,389.5707760033992,College Park
908,C4790,38.7986509,-77.48623591,52.00090122842767,College Park
909,C4792,39.559883,-83.45609728,303.30594205005195,Ann Arbor
910,C4794,42.5362321,-92.47115553,381.4387402176121,Argonne
911,C4798,44.84788682,-97.18849673,451.23614545765855,Lincoln
912,C4802,43.02081425,-88.77586583,159.76264669221862,Argonne
913,C4806,43.99886177,-76.05206867,176.69639097771247,Ithaca
914,C4810,27.49270948,-81.81000594,738.468416809571,Atlanta
915,C4814,45.05942739,-89.75009820000001,398.9629908142195,Argonne
916,C4818,31.13752516,-82.36568076,347.22803802737945,Atlanta
917,C4822,35.63883779,-99.00155584,609.2783216461833,Lincoln
918,C4826,40.38803606,-80.70426082,60.25599305823871,Pittsburgh
919,C4830,47.81847911,-120.2655882,156.3962584944265,Seattle
920,C4846,36.77401356,-91.88654167,488.56599633389357,Urbana-Champaign
921,C4850,33.65566661,-88.78157617,406.69388372764536,Atlanta
922,C4854,39.97475609,-80.84132872,88.53206759265201,Pittsburgh
923,C4858,42.66848698,-88.54190407,116.21453969742353,Argonne
924,C4862,37.63867118,-97.2454275,355.6160819260575,Lincoln
925,C4866,33.77475218,-98.49138725,536.604510849462,Houston
926,C4870,41.34338187,-77.06450625,130.93934819004588,Ithaca
927,C4878,48.34367525,-103.48018590000001,936.9760314673636,Boulder
928,C4882,45.15238235,-95.00474246,502.05573225315624,Lincoln
929,C4890,34.42850378,-77.8825063,514.1168132585606,College Park
930,C4894,39.41497801,-83.80837886,318.5957336346375,Ann Arbor
931,C4898,35.70514571,-77.91866295,375.3695714352582,College Park
932,C4902,39.27216766,-78.47389695,136.16558782925762,College Park
933,C4906,37.23775266,-96.83748918,397.0953687130233,Lincoln
934,C4908,41.40684657,-118.11196580000001,526.2024591878503,Salt Lake City
935,C4910,43.98684966,-91.77912943,399.88263337507465,Argonne
936,C4918,36.07664449,-80.34581311,441.7755118156917,College Park
937,C4922,44.45533124,-90.04154848,348.13635579016477,Argonne
